,texts
0,"История биологии исследует развитие биологии — науки, изучающей фундаментальные (наиболее общие) свойства и законы эволюционного развития живых существ. Предметом истории биологии являются выявление и обобщённый анализ основных событий и тенденций в развитии биологического знания.

До XIX века зоология, ботаника, анатомия и физиология были частью «пакета знаний», называвшегося «натуральная философия» и соединявшего позитивные сведения о природных явлениях с умозрительными фантазиями и ошибочными заключениями о причинах этих явлений. История биологии как самостоятельной науки оформляется в XIX веке с появлением эволюционной биологии и клеточной теории.

В XX веке жизнь стала активно изучаться не только на клеточном уровне (и всего организма), но также на молекулярном, и на уровне популяций, сообществ, и экосистем. Появились синтетическая теория эволюции, молекулярная биология, и теория стресса. Но количество нерешённых проблем биологии по-прежнему велико, и это стимулирует деятельность биологов по дальнейшему развитию данной науки.


Основы знаний о животных и растениях были заложены в трудах Аристотеля и его ученика Теофраста. Важную роль сыграли сочинения Диоскорида, составившего описания лекарственных веществ (и среди них около 600 растений), и Плиния, попытавшегося собрать сведения обо всех природных телах в своей «Естественной истории».

От Аристотеля (384—322 до н. э.) осталось значительное количество сочинений, посвящённых животным. В трактатах «О частях животных» и «История животных» Аристотель рассмотрел вопрос о том, каким образом следует заниматься познанием животных, заниматься одним животным за другим по отдельности или же сначала познавать общее для всех, а потом все более и более частное, и сделал выбор в пользу второго способа. В развитие этого замысла, он, с одной стороны, разработал принципы, которыми следует руководствоваться, когда формулируешь определения тех или иных групп животных, перечисляя их сущностные свойства. С другой стороны, он сделал ряд наблюдений в поисках необходимых связей между отдельными свойствами животных. Например, о том, что все животные, у которых ноги раздвоены (парнокопытные) жуют жвачку. В работе «О порождении животных» Аристотель рассмотрел вопросы о размножении и развитии животных. Кроме этого, ему же принадлежит ещё ряд небольших зоологических трактатов. К зоологическим произведениям Аристотеля, с одной стороны, примыкают сочинения по логике, с другой — трактат «О душе». Описания строения и образа жизни различных животных в работах Аристотеля порой были весьма точны, но многие места впоследствии пострадали от ошибок при переписывании и переводах через несколько языков. Среди прочего, он первым описал так называемый «аристотелев фонарь» — обызвествленное вооружение ротового аппарата морских ежей[1] и живорождение у акул.

Книга Теофраста (370—280-е до н. э.) «Исследования о растениях» развивала идеи Аристотеля о необходимости формулировать определения на основе сущностных свойств, но на этот раз — в отношении растений.

Средние века

Фридрих II (император Священной Римской империи). De arte venandi., известный средневековый труд по естественной истории, в котором была описана морфология птиц
Упадок Римской империи сопровождался исчезновением или деградацией прежнего знания, хотя врачи включили многое из достижений античности в свою практику. Завоевание значительной части территорий империи арабами привело к тому, что труды Аристотеля и других античных авторов сохранились в переводе на арабский[2].

Средневековая арабская медицина, наука и философия сделали важный вклад в развитие знания о жизни в VIII—XIII веках, в период так называемого золотого века ислама, или исламской аграрной революции. Например, в зоологии Аль-Джахиз (781—869 гг.) уже тогда высказывал идеи об эволюции[3][4] и пищевых цепях[5]. Он же был ранним представителем географического детерминизма, философского учения о влиянии природных условий на национальный характер и развитие национальных государств[6]. Иранский автор Абу Ханифа ад-Динавари (828—895) считается основателем арабской ботаники. В своей «Книге растений» он описал более 637 видов растений и обсуждал фазы роста и развития растения[7]. В анатомии и физиологии персидский врач Ар-Рази (865—925 гг.) экспериментально опроверг учение Галена о «четырех жизненных соках»[8]. Прославленный врач Авиценна (980—1037 гг.) в своем труде «Канон врачебной науки», до XVII в. остававшемся настольной книгой европейских медиков[9][10], ввел понятие о клинических исследованиях и фармакологии[11]. Испанский араб Ибн Зухр (1091—1161 гг.), путём вскрытия доказал, что чесотку вызывает подкожный паразит[12], а также ввел экспериментальную хирургию[13] и медицинские исследования на животных[14]. Во время голода в Египте в 1200 году Абд аль-Латиф аль-Багдади наблюдал и изучал строение человеческих скелетов[15].

Лишь немногие европейские учёные приобрели известность в Средние века. Среди них Хильдегарда Бингенская, Альберт Великий и Фридрих II (император Священной Римской империи) составили канон естественной истории для ранних европейских университетов, в которых медицина значительно уступала преподаванию философии и богословия[16].

Возрождение

Сравнение скелета птицы и человека из книги Пьера Белона «L’Histoire de la nature des oyseaux» (1555)
Одним из пионеров новой биологической науки был великий анатом Андреас Везалий (1514-1564), представитель Брюссельской медицинской школы. Его знаменитый труд ""О строении человеческого тела"" (1543 г.), основанный на тщательном изучении человеческих трупов, радикально опроверг многие устоявшиеся в Средние века представления и ошибки, восходящие к античным авторитетам - Галену и Аристотелю. Везалий дал первое научно обоснованное описание строения скелета, мышц, кровеносной и нервной систем человека, став основоположником современной анатомии. Другой важнейший прорыв в познании живых организмов связан с именем швейцарского ученого Конрада Геснера (1516-1565). Этот энциклопедически образованный человек, известный как ""Плиний Северный"" своего времени, выпустил грандиозный труд ""История животных"" в 4-х томах (1551-1558 гг.), где собрал и систематизировал огромный фактический материал по зоологии. Геснер стал первым, кто предложил научную классификацию животных царства, основанную на сходстве их анатомического строения. Именно он впервые ввел понятие ""вид"" применительно к биологическим объектам. Не меньший вклад в становление биологии 16 века внес бельгиец Ремберт Додонеус (1517-1585). Будучи ботаником и врачом, он опубликовал обширный труд ""История растений"" (1554 г.), где дал подробные описания более 1500 видов растений, их морфологии, биологии, медицинских и хозяйственных применений. Додонеус заложил основы систематики высших растений, применив классификацию, основанную на сходстве внешнего облика организмов. Среди других выдающихся натуралистов того времени следует отметить французского врача и травника Пьера Белона (1517-1564), который внес значительный вклад в сравнительную анатомию позвоночных животных и описание их поведения. Немецкий ботаник Леонарт Фукс (1501-1566) создал первые научные иллюстрации растений и заложил основы ботанической терминологии. А итальянский врач Джироламо Фракасторо (1478-1553) выдвинул принципиально новую теорию болезней, связав их с микроскопическими ""семенами"" (прообраз современных микробов).

XVII век
Наиболее важные события XVII века — становление методической естественной истории, заложившей основы систематики животных и растений; развитие анатомии и открытие второго круга кровообращения; начало микроскопических исследований, открытие микроорганизмов и первое описание клеток растений, сперматозоидов и эритроцитов животных.

К XVII веку относится завершение традиции «травников». Швейцарский врач и ботаник Каспар Баугин в своем труде «Pinax Theatri Botanici» собрал все известные на тот момент виды растений (около 6000), уточнив синонимы. Это была последняя сводка такого размаха, в которой все ещё использовались приемы «народной таксономии». Группы растений в работе Боэна не имели характеристик, указывавших на их отличительные признаки. Названия растений формировались, по-прежнему, без строгих правил, иногда путём добавления слов-модификаторов к названию, данному древнегреческими или древнеримскими авторами, иногда путём латинизации туземных названий растений. Боэн был знаком с книгой Чезальпино, но не видел смысла в применении метода, считая установление синонимики более важной задачей. Вместе с тем, с середины XVII века появляется все больше работ, написанных в традиции методической естественной истории, отталкивавшейся от труда Чезальпино.

Значительные перемены наблюдаются в области анатомии и физиологии животных и растений. Английский врач Уильям Гарвей (1578—1657), производя опыты с кровообращением и вскрытия животных, сделал ряд важных открытий. Он обнаружил венозные клапаны, создающие препятствие для тока крови в обратном направлении, показал изоляцию правого и левого желудочков сердца и открыл малый круг кровообращения (аналогичное открытие сделал незадолго до него Мигель Сервет, сожженный кальвинистами за свои богословские взгляды). Ян Сваммердам (1637—1680) и Марчелло Мальпиги (1628—1694) описали внутреннее строение многих беспозвоночных животных. Мальпиги описал сосуды растений и путём экспериментов показал наличие восходящего и нисходящего тока в разных сосудах.


Итальянский естествоиспытатель Франческо Реди (1626—1698) экспериментально доказал невозможность самозарождения мух из гнилого мяса (затянув часть горшков с гнилым мясом кисеей, он смог воспрепятствовать откладке яиц мухами). Уже упоминавшийся Уильям Гарвей сделал детальное описание развития цыпленка и ряда других животных и высказал предположение, что все они так или иначе развиваются из яиц, хотя наблюдать яйца непосредственно он и не мог.

Наконец, в XVII веке сформировалась совершенно новая область исследований, связанная с изобретением микроскопа. Опубликованный Робертом Гуком (1635—1703) трактат «Микрография», посвященный описанию наблюдений при помощи микроскопа ряда объектов живой и неживой природы (срез пробки, блоха, муравей, кристаллы соли и др.), а также материальной культуры (острие иглы, лезвие бритвы, точка в книге и др.), вызвал широкий общественный резонанс. Помимо того, что он служил источником вдохновения Джонатана Свифта в некоторых фрагментах «Путешествий Гулливера», он создал моду на микроскопические исследования, в том числе и биологических объектов. Одним из ревностных любителей-микроскопистов стал голландский ремесленник Антони ван Левенгук (1632—1723), который вел наблюдения при помощи изготовленных им простых микроскопов и отсылал результаты наблюдений для публикации в Лондонское королевское общество. Левенгуку удалось описать и зарисовать целый ряд микроскопических существ (коловраток, инфузорий, бактерий), красные кровяные тельца, сперматозоиды человека.

XVIII век

Параллельное развитие естественной истории с одной стороны и анатомии и физиологии с другой подготовило почву для возникновения биологии. В области естественной истории наиболее значимыми событиями стали публикация «Системы природы» Карла Линнея и «Всеобщей естественной истории» Жоржа Бюффона.

Исследования Альбрехта фон Галлера и Каспара Фридриха Вольфа значительно расширили знания в области эмбриологии животных и развития растений. В то время как Галлер придерживался концепции преформизма, Вольф отстаивал идеи эпигенеза. Наблюдения за ранним развитием цыпленка позволили Вольфу на примере образования трубчатой кишки из первоначально плоского зачатка показать, что развитие нельзя свести к чисто количественному росту без качественных преобразований.

Зарождение биологии
Слово «биология» время от времени появлялось в работах естествоиспытателей и до XIX века, однако смысл его был в то время совершенно иным. Карл Линней, например, называл «биологами» авторов, составлявших жизнеописания ботаников. На рубеже XVIII и XIX веков сразу три автора (Бурдах, Тревиранус, Ламарк) использовали слово «биология» в современном смысле для обозначения науки о общих особенностях живых тел. Готфрид Рейнгольд Тревиранус даже вынес его в заглавие научного труда «Biologie; oder die Philosophie der lebenden Natur» («Биология или философия живой природы») 1802 года. Он использовал этот термин для описания новой научной дисциплины, которая изучает все аспекты жизни, включая структуру, функцию, рост, происхождение, эволюцию и распределение живых организмов. В 1803 году французский натуралист Жан-Батист Ламарк опубликовал свою книгу ""Hydrogéologie"" (""Гидрогеология""), в которой он также использовал термин ""биология"". Ламарк считал, что биология должна быть отдельной научной дисциплиной, отличной от других естественных наук. В 1813 году шведский натуралист Карл Адольф Агард опубликовал свою книгу ""Lärobok i naturläran"" (""Учебник естествознания""), в которой он использовал термин ""биология"" для обозначения раздела естествознания, который изучает живые организмы. К середине 19 века термин ""биология"" стал широко использоваться в научном сообществе. В 1860 году Томас Генри Хаксли опубликовал свою книгу ""Evidence as to Man's Place in Nature"" (""Доказательства положения человека в природе""), в которой он использовал термин ""биология"" для описания научного изучения живых существ. В конце 19 века термин ""биология"" стал общепринятым названием научной дисциплины, изучающей жизнь.


Набросок родословного древа в «Первой записной книжке о трансмутации видов» Чарльза Дарвина (1837)
В самом начале века Алессандро Вольта изобрел батарею Вольты, что позволило ученым изучать электрические явления в растениях. Благодаря чему Эмиль Дюбуа-Реймон в 1848 года открыл электрическую природу нервных импульсов. В 1801 году французский анатом и врач Франсуа Биша вводит термин ""ткань"" (фр. tissu). В 1820-е годы французский врач Рене Лаэннек изобретает стетоскоп – медицинский прибор, используемый для прослушивания звуков сердца и легких. В 1822 году Мэри Эннинг обнаружила первый полный скелет ихтиозавра. А в 1841 году Ричард Оуэн ввел термин ""динозавр"" для обозначения группы ископаемых рептилий. Оуэн заметил, что у этих рептилий были общие характеристики, такие как большие размеры, толстые ноги и длинные хвосты. Он считал, что эти рептилии представляют собой новую и ранее неизвестную группу, которую он назвал ""Dinosauria"", что в переводе с греческого означает ""ужасные ящеры"". Чарльз Элтон в 1825 году ввел понятие пищевой цепи. В 1828 году Карл Эрнст фон Бэр описал стадии эмбрионального развития, включая формирование зародышевых листков. Бэр также обнаружил, что зародыши разных видов животных на ранних стадиях развития выглядят очень похожими, что свидетельствует об общем происхождении всех позвоночных. Чарльз Лайель в 1830-е годы разработал принцип униформизма в геологии. Роберт Броун в 1831 году открыл ядро клетки и движение частиц в жидкости (броуновское движение). В 1838 году Теодор Шванн и Матиас Шлейден выдвинули клеточную теорию, согласно которой все живые организмы состоят из клеток, впоследствии в середине столетия в 1855 году Рудольф Вирхов постулировал, что клетки возникают только из других клеток (лат. Omnis cellula e cellula). В 1847 году Карл Людвиг изобрел кимограф, прибор для записи физиологических изменений. Первые теории эволюции восходят ещё ко временам Древней Греции к философам Анаксимандру и Эмпедоклу. В дальнейшем Жорж-Луи Леклерк де Бюффон (1707-1788) предложил идею о том, что виды могли изменяться с течением времени под воздействием окружающей среды. А Эразм Дарвин (1731-1802), дед Чарльза Дарвина, выдвинул теорию о том, что все живые существа произошли от общего предка. Ещё в 1809 году Жан-Батист Ламарк (1744-1829) предложил первую полноценную теорию ламаркизма, согласно которой приобретенные характеристики могут наследоваться. Согласно теории Ламарка, предки жирафа имели шеи средней длины. Однако тем жирафам, которые могли немного вытянуть шею, чтобы достать листья с более высоких деревьев, было преимущество в выживании. Поскольку эти жирафы выживали и размножались, они передавали свои слегка удлиненные шеи своему потомству. Со временем, в результате последовательных поколений использования и наследования, шеи жирафов становились все длиннее. Теория Ламарка была популярна в свое время, но позже была дискредитирована, поскольку не было найдено никаких доказательств того, что приобретенные характеристики могут наследоваться. Тем не менее, теория Ламарка внесла важный вклад в развитие мышления об эволюции и заложила основу для будущих теорий, таких как теория естественного отбора Дарвина. В 1859 году британские натуралисты Чарльз Роберт Дарвин и Альфред Рассел Уоллес независимо друг от друга опубликовали теорию эволюции путем естественного отбора. Томас Генри Хаксли в 1860-е годы ввел термин ""эволюция"" и был одним из самых ярых сторонников теории Дарвина. А в 1865 году австрийский монах Грегор Мендель опубликовал свои законы наследования, которые объяснили, как черты передаются от родителей к потомкам. Сэр Чарльз Дарвин в 1871 году опубликовал свою книгу ""Происхождение человека и половой отбор"", в которой изложил теорию об эволюции человека из Африки. Он утверждал, что люди произошли от общего предка с другими приматами. Хотя ещё раньше один из друзей Дарвина геолог Эрнст Геккель в 1866 году предположил гипотезу происхождения человека от обезьяноподобного предка. Химики того времени усматривали принципиальное различие между органическими и неорганическими веществами, в частности, в таких процессах как ферментация и гниение. Со времен Аристотеля они считались специфически биологическими. Однако Фридрих Вёлер и Юстус Либих, следуя методологии Лавуазье, показали, что органический мир уже тогда часто мог быть проанализирован физическими и химическими методами. В 1828 году Вёлер химически, то есть без применения органических веществ и биологических процессов, синтезировал органическое вещество мочевину, представив тем самым первое доказательство для опровержения витализма. Затем было обнаружено каталитическое действие бесклеточных экстрактов (ферментов) на химические реакции, благодаря чему к концу XIX в. была сформулирована современная концепция ферментов, хотя математическая теория ферментативной кинетики появилась только в начале XX века[17].

Физиологи, такие как Клод Бернар, с помощью вивисекции и другими экспериментальными методами исследовали химические и физические свойства живого тела, закладывая основы эндокринологии, биомеханики, учения о питании и пищеварении. Во второй половине XIX в. разнообразие и значимость экспериментальных исследований как в медицине, так и в биологии непрерывно возрастали. Главной задачей стали контролируемые изменения жизненных процессов, и эксперимент оказался в центре биологического образования[18]. В 1862 году Юлиус фон Сакс открыл процесс фотосинтеза, превращения света в химическую энергию в растениях. Эдвард Дринкер Коп в 1868 году открыл ископаемые останки археоптерикса, переходного звена между рептилиями и птицами. В 1869 году Эрнст Геккель ввел термин ""экология"" для обозначения изучения взаимодействия живых организмов с их средой обитания. Впоследствии уже в 1877 году Карл Мёбиус описал концепцию биоценоза, сообщества взаимодействующих организмов в экосистеме. В 1876 году Роберт Кох разработал методы окрашивания бактерий и идентифицировал бактерии, вызывающие сибирскую язву и туберкулез. А в 1884 году Ханс Кристиан Грам разработал метод окрашивания бактерий, который до сих пор используется для классификации бактерий. Вальтер Флемминг в 1879 году описал процесс митоза, деления клеток, которое приводит к образованию двух дочерних клеток с идентичным набором хромосом. В 1887 году Эдуард ван Бенеден открыл центросому, органеллу, которая играет важную роль в делении клеток.

XX век
В XX веке с переоткрытием законов Менделя начинается бурное развитие генетики. К 1920-м гг. не только формируется хромосомная теория наследственности, но и появляются первые работы, ставящие своей задачей интеграцию нового учения о наследственности и теории эволюции. После Второй мировой войны начинается развитие молекулярной биологии. Во второй половине XX века был достигнут значительный прогресс в изучении жизненных явлений на клеточном и молекулярном уровне.

Классическая генетика

Схематическое изображение кроссинговера из работы Т. Х. Моргана
1900 год ознаменовался «переоткрытием» законов Менделя. Де Фриз и другие исследователи независимо друг от друга пришли к пониманию значимости работ Менделя[19].Вскоре после этого цитологи пришли к выводу, что клеточными структурами, несущими генетический материал, скорее всего являются хромосомы. В 1910—1915 гг. Томас Хант Морган и его группа, работавшая на плодовой мушке дрозофиле, разработала «менделевскую хромосомную теорию наследственности»[20]. Следуя примеру Менделя, они исследовали явление сцепления генов с количественной точки зрения и постулировали, что в хромосомах гены расположены линейно, как бусы на нитке. Они начали создавать карты генов дрозофилы, которая стала широко используемым модельным организмом сначала для генетических, а затем и молекулярно-биологических исследований[21].

Де Фриз пытался соединить новую генетическую теорию с теорией эволюции. Он первым предложил термин мутация для изменений генов. В 1920—1930-х годах появилась популяционная генетика. В работах Фишера, Холдейна и других авторов теория эволюции, в конце концов, объединилась с классической генетикой в синтетической теории эволюции[22].

В СССР развитие науки задержалось из-за событий 1948 года.

Во второй половине XX века идеи популяционной генетики оказали значительное влияние на социобиологию и эволюционную психологию. В 1960-х годах для объяснения альтруизма и его роли в эволюции через отбор потомков, появилась математическая теория игр. Дальнейшей разработке подверглась и синтетическая теория эволюции, в которой появилось понятие о дрейфе генов и других процессах, важных для появления высокоразвитых организмов[23], которая объясняла причины быстрых эволюционных изменений в исторически короткое время, ранее составлявших базу для «теории катастроф»[24]. В 1980 году Луис Альварес предложил метеоритную гипотезу вымирания динозавров[25]. Тогда же в начале 1980-х годов были статистически исследованы и другие явления массового вымирания в истории земной жизни[26].

Биохимия
К концу XIX в. были открыты основные пути метаболизма лекарств и ядов, белка, жирных кислот и синтеза мочевины[27]. В начале XX в. началось исследование витаминов. Улучшение техники лабораторных работ, в частности, изобретение хроматографии и электрофореза стимулировало развитие физиологической химии, и биохимия постепенно отделилась от медицины в самостоятельную дисциплину. В 1920-х — 1930-х годах Ханс Кребс, Карл и Герти Кори начали описание основных путей метаболизма углеводов: цикла трикарбоновых кислот, гликолиза, глюконеогенеза. Началось изучение синтеза стероидов и порфиринов. Между 1930-ми и 1950-ми годами Фриц Липман и другие авторы описали роль аденозинтрифосфата как универсального переносчика биохимической энергии в клетке, а также митохондрий как её главного источника энергии. Эти традиционно биохимические области исследования продолжают развиваться до сих пор[28].

Происхождение молекулярной биологии

Уэнделл Мередит Стэнли в 1935 году опубликовал эту фотографию кристаллов вируса табачной мозаики. Они представляют собой чистые нуклеопротеиды, что убедило многих биологов в том, что наследственность должна иметь физико-химическую природу
В связи с появлением классической генетики многие биологи, в том числе, работающие в области физико-химической биологии, пытались установить природу гена. Для этой цели Фонд Рокфеллера учредил несколько грантов, а чтобы обозначить задачу, глава научного отдела Фонда Уоррен Уивер ещё в 1938 году использовал термин молекулярная биология. Он и считается автором наименования этой области биологии[29].

Как и биохимия, смежные дисциплины бактериология и вирусология (позже объединённые в виде микробиологии) в то время бурно развивались на стыке медицины и других естественных наук. После выделения бактериофага начались исследования вирусов бактерий и их хозяев[30]. Это создало базу для применения стандартизированных методов работы с генетически однородными микроорганизмами, которые давали хорошо воспроизводимые результаты, и позволило заложить основы молекулярной генетики.

Кроме микроорганизмов объектами генетических экспериментов стали мушка дрозофила, кукуруза и хлебная плесень, нейроспора густая, что позволило применять также методы биохимии, а появление электронного микроскопа и высокоскоростных центрифуг позволило пересмотреть даже само понятие «жизнь». Понятие о наследственности у вирусов, воспроизведение внеядерных нуклеопротеиновых структур усложнили ранее принятую теорию менделевских хромосом[31].

В 1941 году Бидл и Тейтем сформулировали свою гипотезу «один ген — один фермент». В 1943 году Освальд Эйвери, продолжая работу, начатую Фредериком Гриффитом, показал, что генетическим материалом в хромосомах является не белок, как думали ранее, а ДНК. В 1952 году этот результат был подтвержден в эксперименте Херши — Чейз, и это был лишь один из многих важных результатов, достигнутых так называемой фаговой группой Дельбрюка. Наконец, в 1953 году Уотсон и Крик, основываясь на работе Мориса Уилкинса и Розалинды Франклин, предложили свою знаменитую структуру ДНК в виде двойной спирали. В своей статье «Molecular structure of Nucleic Acids» («Молекулярная структура нуклеиновых кислот») они заявили: «От нашего внимания не укрылось то, что специфическое спаривание, которое мы постулировали, одновременно позволяет сделать предположение о механизме копирования генетического материала»[32]. Когда через несколько лет механизм полуконсервативной репликации был подтвержден экспериментально, большинству биологов стало ясно, что последовательность оснований в нуклеиновой кислоте каким-то образом определяет и последовательность аминокислотных остатков в структуре белка. Но идею о наличии генетического кода сформулировал не биолог, а физик Георгий Гамов.

Развитие биохимии и молекулярной биологии во второй половине XX века
Расшифровка генетического кода заняла несколько лет. Эта работа была выполнена главным образом Ниренбергом и Кораной и закончена к концу 1960-х годов[33]. Тогда же Перуц и Кендрю из Кембриджа[34] впервые применили рентгеноструктурный анализ в сочетании с новыми возможностями вычислительной техники для исследования пространственной структуры белков[35]. Жакоб и Моно из Института Пастера исследовали строение lac оперона и открыли первый механизм регуляции генов. К середине 1960-х годов основы молекулярной организации метаболизма и наследственности были установлены, хотя детальное описание всех механизмов только начиналось[36][37]. Методы молекулярной биологии быстро распространялись в другие дисциплины, расширяя возможности исследований на молекулярном уровне[38]. Особенно это было важно для генетики, иммунологии, эмбриологии и нейробиологии, а идеи о наличии «генетической программы» (этот термин был предложен Жакобом и Моно по аналогии с компьютерной программой) проникли и во все остальные биологические дисциплины[39].


Полученные генноинженерными методами линии бактерии Escherichia coli — важнейший инструмент современной биотехнологии и многих других областей биологии
В иммунологии в связи с достижениями молекулярной биологии появилась теория клональной селекции, которую развивали Ерне и Бёрнет[40]. В биотехнологии появление генной инженерии, начиная с 1970-х годов, привело к появлению широкого спектра продуцентов новых продуктов, в частности, лекарственных препаратов, таких как треонин и инсулин.

Генетическая инженерия основана прежде всего на применении техники рекомбинантных ДНК, то есть таких молекул ДНК, которые искусственно перестроены в лаборатории путём рекомбинации их отдельных частей (генов и их фрагментов). Для разрезания ДНК применяют специальные ферменты рестриктазы, которые были открыты в конце 1960-х годов. Сшивание кусков ДНК катализирует другой фермент, лигаза. Так можно получить и ввести в бактерии ДНК, содержащую, например, ген резистентности к определённому антибиотику. Если бактерия, получив рекомбинантную ДНК, переживет трансформацию, она начнет размножаться на среде, содержащей данный антибиотик, и это будет обнаружено по появлению колоний трансгенного организма[41].

Принимая во внимание не только новые возможности, но и потенциальную угрозу от применения таких технологий (в частности, от манипуляций с микроорганизмами, способными переносить гены вирусного рака) научное сообщество ввело временный мораторий на научно-исследовательские работы с рекомбинантными ДНК до тех пор, пока в 1975 году на специальной конференции не были выработаны рекомендации по технике безопасности при такого рода работах[42]. После этого наступил период бурного развития новых технологий.


К концу 1970-х годов появились методы определения первичной структуры ДНК, химического синтеза коротких фрагментов ДНК (олигонуклеотидов), введения ДНК в клетки человека и животных (трансфекция)[43]. Чтобы работать с генами человека и животных, необходимо было разобраться с различиями в устройстве генов прокариот и эукариот. Эта задача была в целом решена благодаря открытию сплайсинга[44].

К 1980-м годам определение первичных последовательностей белков и нуклеиновых кислот позволило использовать их как признаки для систематики и особенно кладистики; так появилась молекулярная филогенетика. К 1990 г на основании сравнительного анализа нуклеотидных последовательностей 16S рРНК Карл Вёзе предложил новую систему живых существ: царство монер было разделено на два домена эубактерий и архей, а остальные четыре царства (протист, грибов, растений и животных) — объединены в один домен эукариот[45].

Появление в 1980-х годах техники ПЦР значительно упростило лабораторную работу с ДНК и открыло возможность не только для открытия новых ранее неизвестных генов, но и для определения всей нуклеотидной последовательности целых геномов, то есть для исчерпывающего описания структуры всех генов организма[46]. В 1990-х годах эта задача была в целом решена в ходе выполнения международного проекта «Геном человека»[47].

XXI век и новые рубежи
По мнению Карла Вёзе (шире — по мнению Вёзе и Голденфельда), биология XXI века — это фундаментальная наука, основанная на эволюционных взглядах, подходящая к изучению жизни не при помощи редукционизма, как в XX веке, а при помощи холизма[48][49]. После завершения проекта «Геном человека» было начато и проведено множество международных проектов: ENCODE, 1000 геномов, Протеом человека, FANTOM[50] — связанных с системной биологией, а также такие проекты как OpenWorm, Human Brain Project, и т. д.

Одной из отличительных черт биологии XXI века является гражданская наука, ранее куда менее развитая. Примером могут служить такие проекты как EyeWire и Foldit.

Историография биологии
По мнению историка науки Даниила Лебедева, отношение к изучению источников знаний в различных разделах исторической науки сильно отличается, но относительно биологии можно сказать, что по уровню развития историографии эта дисциплина занимает одно из последних мест[51]."
1,"Фёдор Миха́йлович Достое́вский (30 октября [11 ноября] 1821, Москва — 28 января [9 февраля] 1881, Санкт-Петербург[3]) — русский писатель, мыслитель, философ и публицист[4].

Член-корреспондент Петербургской академии наук с 1877 года[5]. Классик мировой литературы, по данным ЮНЕСКО, один из самых читаемых писателей в мире.

Ранние произведения писателя, как и повесть «Записки из Мёртвого дома», способствовали возникновению жанра психологической прозы[6].

Был осуждён по делу петрашевцев на четыре года каторги, отбывал своё наказание в военном городе Омске[7].

После смерти Достоевский был признан классиком русской литературы и одним из лучших романистов мирового значения, считается первым представителем персонализма в России. Творчество русского писателя оказало воздействие на мировую литературу, в частности на творчество ряда лауреатов Нобелевской премии по литературе, философов Фридриха Ницше и Жана-Поля Сартра, а также на становление различных психологических учений[8] и экзистенциализма, его новелла 1864 года «Записки из подполья» считается одним из первых произведений экзистенциалистской литературы.

К наиболее значительным произведениям писателя относятся романы «великого пятикнижия» — «Преступление и наказание» (1866), «Идиот» (1869), «Бесы» (1872), «Подросток» (1875), «Братья Карамазовы» (1880)[9]. Многие известные произведения Достоевского многократно экранизировались и инсценировались в театре, ставились балетные и оперные постановки.



Радван. Герб Достоевских
Основная статья: Достоевские
Род Достоевских берёт своё начало от боярина Данилы Ивановича Иртищева (Ртищева, Ртищевича, Иртищевича, Артищевича), которому 6 октября 1506 года было пожаловано имение «Достоев» в Поречской волости Пинского уезда, к северо-западу от Пинска[10]. Исследователи происхождения фамилии практически уверены, что все Достоевские являются потомками Данилы Иртищева[11]. Согласно местным легендам, название «Достоево» произошло от пол. dostojnik — сановник, приближённый государя. «Достойниками» с некоторой насмешкой называли жителей селения, из которых набирали княжескую обслугу. Подразумевалось, что эти люди были «достойны» данной службы[12]. В Брестской области Беларуси сохранилось село Достоево[13]. Предком Данилы Ивановича Ртищева, по мнению исследователей, являлся упоминаемый в исторических источниках татарин Аслан-Челеби-мурза, который ещё в 1389 году покинул Золотую Орду и был крещён в православие московским князем Дмитрием Донским. Сына этого татарина прозвали Широким Ртом, а его потомки стали Ртищевыми. Герб Ртищевых, на котором были изображены полумесяц, шестиугольная звезда и пара вооружённых татар, указывает на неправославное происхождение рода[14][13].

Окончательно фамилия «Достоевский» закрепилась за внуками Данилы Ивановича, потомки которых со временем становятся типичной служилой шляхтой[15][16]. Пинская ветвь Достоевских на протяжении почти двух веков упоминалась в различных документах, но со временем интегрировалась польско-литовским государством, утратив дворянство[17][18]. Во второй половине XVII века род перебирался на Украину. В это же время резко сократилось количество упоминаний фамилии в исторических документах[18]. Исследователи не обнаружили однозначной связи писателя с основателем рода Данилой Иртищевым[19][20]. Достоверно известно только то, что прямые предки писателя в первой половине XVIII века жили на Волыни[19]. Для преодоления генеалогического разрыва в несколько поколений исследователи использовали метод реконструкции[21]. Даже о деде писателя, Андрее Григорьевиче Достоевском, нет точных данных. Известно, что он родился около 1756 года на Волыни в семье мелкопоместного шляхтича. В 1775 году вместе с отцом и братьями перебрался в Брацлавское воеводство, которое после второго раздела Речи Посполитой вошло в состав Российской империи. С 1782 года Андрей Достоевский был священником в селе Войтовцы[22].

Родители писателя

Отец — Михаил Андреевич

Мать писателя — Мария Фёдоровна
Первым Достоевским, о котором имеются достоверные данные, является отец писателя, Михаил Андреевич Достоевский[22]. Согласно обнаруженным документам, Михаил Достоевский родился в 1789 году в селе Войтовцы[23], в 1802 году поступил в духовную семинарию при Шаргородском Николаевском монастыре[24]. В августе 1809 года Александр I издал указ об определении в Императорскую медико-хирургическую академию дополнительно 120 человек из духовных академий и семинарий[25]. Михаил Достоевский успешно сдал экзамены и 14 октября 1809 года вступил в число казённых воспитанников по медицинской части в московское отделение академии[26]. Во время Отечественной войны 1812 года студент 4-го класса Достоевский сначала был командирован «для пользования больных и раненых»[27], а позже боролся с эпидемией тифа[28]. 5 августа 1813 года был произведён лекарем 1-го отделения в Бородинский пехотный полк[28], 5 августа 1816 года был удостоен звания штаб-лекаря[29].

В апреле 1818 года Михаил Достоевский был переведён ординатором в военный госпиталь в Москве[29], где вскоре через коллегу познакомился с Марией Нечаевой, дочерью купца 3-й гильдии Фёдора Тимофеевича Нечаева, происходившего из старых посадских города Боровска Калужской губернии[30]. Торговля Нечаева в суконном ряду процветала до нашествия Наполеона, после которого купец лишился практически всего своего состояния[31]. Старшая сестра Марии, Александра, бывшая замужем за богатым первостатейным купцом 1-й гильдии Александром Куманиным, впоследствии принимала участие в судьбе писателя[32].

14 января 1820 года Михаил Достоевский и Мария Нечаева обвенчались в церкви Московского военного госпиталя[33]. В конце 1820 года, после рождения первого сына Михаила, Достоевский уволился с военной службы и с 1821 года перешёл работать в Мариинскую больницу для бедных[34], несмотря на её скромные оклады, которые даже по официальным признаниям «не вознаграждают достаточно трудов их и не соответствуют необходимым надобностям каждого в содержании себя и своего семейства»[35]. Главным правилом заведения устанавливалось, что «бедность есть первое право» получить в ней помощь в любое время суток[36]. Переселяясь на Божедомку, Достоевские уже ожидали прибавления семейства к концу осени[37].

Московское детство

Мариинская больница для бедных
Фёдор Михайлович Достоевский родился 30 октября 1821 года в Москве на улице Новая Божедомка в правом флигеле Мариинской больницы для бедных Московского воспитательного дома. В «Книге для записи рождений…» церкви Петра и Павла при больнице осталась запись: «Родился младенец, в доме больницы бедных, у штаб-лекаря Михаила Андреича Достоевского, — сын Фёдор. Молитвовал священник Василий Ильин»[37][38]. Имя Фёдор было выбрано, по мнению биографов, по имени деда по матери — купца Фёдора Тимофеевича Нечаева[37][39]. 4 ноября Достоевский был крещён. Крёстными родителями стали штаб-лекарь надворный советник Григорий Павлович Маслович и княгиня Прасковья Трофимовна Козловская, дед Фёдор Тимофеевич Нечаев и Александра Фёдоровна Куманина[37][39].

«Я происходил из семейства русского и благочестивого. С тех пор как я себя помню, я помню любовь ко мне родителей…», — вспоминал спустя полвека Фёдор Михайлович[37]. В семье Достоевских строго соблюдались патриархальные обычаи[37]. Домашний порядок подчинялся службе отца. В шесть часов Михаил Достоевский просыпался, проводил утренний обход в больнице, объезжал пациентов по домам. После двенадцати был обед с семьёй, отдых и снова приём в больнице. «В 9 часов вечера, не раньше — не позже, накрывался обыкновенно ужинный стол и, поужинав, мы, мальчики, становились перед образом; прочитывали молитвы и, простившись с родителями, отходили ко сну. Подобное препровождение времени повторялось ежедневно», — вспоминал Фёдор Михайлович[40]. Самые ранние воспоминания писателя относятся к 1823—1824 годам. По свидетельству первого биографа Достоевского Ореста Фёдоровича Миллера, таким воспоминанием как раз стала молитва перед сном перед образами в гостиной при гостях[41][42]. После рождения в конце 1822 года сестры Варвары няней в семье Достоевских становится Алёна Фроловна, о которой у будущего писателя остались самые лучшие воспоминания: «Всех она нас, детей, вырастила и выходила. Была она тогда лет сорока пяти, характера ясного, весёлого и всегда нам рассказывала такие славные сказки!». В произведениях Достоевского няня упоминается в романе «Бесы»[43][39]. После рождения в марте 1825 года Андрея семья перебирается в левый флигель больницы. Новая квартира, по воспоминаниям Андрея, состояла из двух комнат, передней и кухни. Детской для старших детей служило «полутёмное помещение», отгороженная задняя часть передней[44][42].

Из воспоминаний Андрея, в детстве Достоевские слушали сказки про «Жар-птицу», «Алёшу Поповича», «Синюю бороду», сказки «Тысячи и одной ночи» и другие[45][46]. На Пасху смотрели Подновинские балаганы с «паяцами, клоунами, силачами, Петрушками и комедиантами». Летом устраивались семейные вечерние прогулки в Марьину рощу. По воскресеньям и праздникам Достоевские посещали обедни в больничной церкви, а летом мать с детьми ездила в Троице-Сергиеву лавру[47][48]. В детстве дом Достоевских посещали сестра матери Александра Куманина с мужем, дедушка Фёдор Тимофеевич Нечаев и его вторая жена Ольга Яковлевна, дядя Михаил Фёдорович Нечаев[49][50]. Друзьями дома в основном были сослуживцы отца и их семьи: эконом Мариинской больницы Фёдор Антонович Маркус, семьи старшего лекаря Кузьмы Алексеевича Щировского и ординатора больницы Аркадия Алексеевича Альфонского. Позже многие из них появляются в произведениях и упоминаются в неосуществлённых замыслах писателя[50].

Начало обучения. Имение Даровое

Усадьба «Даровое», Зарайский район
Домашний уклад Достоевских способствовал развитию воображения и любознательности[51]. Позже в своих воспоминаниях писатель называл родителей, стремящихся вырваться из обыденности и заурядности, «лучшими, передовыми людьми»[52]. На семейных вечерах в гостиной вслух читали Карамзина, Державина, Жуковского, Пушкина, Полевого, Радклиф. Особенно выделял позднее Фёдор Михайлович чтение отцом «Истории Государства Российского»: «Мне было всего лишь десять лет, когда я уже знал почти все главные эпизоды русской истории»[53][54]. Чтению обучала детей Мария Фёдоровна[55]. По воспоминаниям, детей рано начинали учить: «уже четырёхлетним сажали за книжку и твердили: „учись!“»[51]. Начинали с дешёвых лубочных сказок про Бову Королевича и Еруслана Лазаревича, сказаний о Куликовской битве, повестей про Шута Балакирева и Ермака[55]. Первая серьёзная книга, по которой дети учились читать, — «Сто четыре Священные Истории Ветхого и Нового Завета». Спустя полвека Достоевскому удалось найти издание из детства, которое он впоследствии «бережёт <…> как святыню», рассказывая, что книга эта была «одна из первых, которая поразила меня в жизни, я был ещё тогда почти младенцем!»[55][56].

Вместе с чином коллежского асессора весной 1827 года Михаил Андреевич получил право на потомственное дворянство[52]; 28 июня 1828 года Достоевские стали дворянским родом, записанным в часть III родословной книги дворянства Московской губернии[52][57], что позволяло приобрести собственное имение, где большая семья могла бы проводить летние месяцы[58]. Летом 1831 года Михаил Андреевич, заплатив около 30 тысяч рублей ассигнациями из скопленных и взятых взаймы средств, приобрёл село Даровое в Каширском уезде Тульской губернии в 150 км от Москвы. Земли в этой местности были худородные, одиннадцать его крестьянских дворов — бедные, а господский дом представлял собой маленький, плетнёвый, связанный глиною флигелёк из трёх комнат. Из-за оставшихся в селе шести дворов, принадлежащих соседу, практически сразу начались распри, перешедшие в судебную тяжбу[59][60]. Кроме того, весной 1832 года по вине одного из крестьян в Даровом случился пожар, общие убытки от которого составили около 9 тысяч рублей. Позже писатель вспоминал: «оказалось, что всё сгорело, всё дотла <…> С первого страху вообразили, что полное разорение»[61][62]. Раздача денег пострадавшим крестьянам способствовала тому, что уже к концу лета «деревня <…> была обстроена с иголочки», но приобрести спорную Черемошню удалось только в 1833 году, заложив Даровое[61][63]. Летом 1832 года дети впервые знакомятся с деревенской Россией. Дом Достоевских располагался в большой тенистой липовой роще, примыкавшей к березняку Брыково, «очень густому и с довольно мрачною и дикою местностью». Андрей Михайлович вспоминал, что «лесок Брыково с самого начала очень полюбился брату Феде», а «крестьяне, в особенности женщины, их очень любили». Впечатления от этой поездки впоследствии отразились, в частности, в романах «Бедные люди», «Бесы», а также в «Дневнике писателя»[61][64].

После возвращения в Москву для Михаила и Фёдора начинаются годы обучения. Изначально отец собирался отдать старших сыновей в «Московский университетский благородный пансион», но передумал из-за преобразования последнего в гимназию, в которой практиковали телесные наказания[65]. Несмотря на нетерпеливый, вспыльчивый и требовательный характер Михаила Андреевича, в семье Достоевских «принято было обходиться с детьми очень гуманно <…> не наказывали телесно, — никогда и никого»[66]. Старшие дети занимались с учителями. Закон Божий, русский язык, словесность, арифметику и географию преподавал приходящий дьякон Екатерининского института И. В. Хинковский[66][67]. Ежедневно ездили на полупансион к преподавателю Александровского и Екатерининского институтов Н. И. Драшусову, который учил братьев французскому языку[68][67]. Там же сыновья Драшусова, Александр и Владимир преподавали математику и словесные науки[69]. Так как у Драшусова не было преподавателя латинского языка, то Михаил Андреевич «купил латинскую грамматику Бантышева», и осенью-зимой «каждый вечер начал заниматься с братьями Михаилом и Фёдором латынью». Михаил позже вспоминал, что «отец, при всей своей доброте, был чрезвычайно взыскателен и нетерпелив, а главное очень вспыльчив»[70]. Став пансионерами, Михаил и Фёдор могли приезжать в Даровое только летом на полтора-два месяца[71]. Согласно проводимой в это время ревизии у Достоевских имелось «около ста крестьян и более пятисот десятин земли»[72]. В 1833—1834 годах Достоевский знакомится с творчеством Вальтера Скотта. Позже писатель признавал, что это позволило ему развить в себе «фантазию и впечатлительность», сохранив множество «прекрасных и высоких впечатлений». По воспоминаниям Андрея Михайловича, чаще всего он замечал Фёдора за чтением исторических романов «Квентин Дорвард» и «Уэверли, или Шестьдесят лет назад»[73].

Пансион Чермака. Смерть матери
В сентябре 1834 года Фёдор и Михаил Достоевские поступили в Пансион Чермака на Новой Басманной улице, считавшийся одним из лучших частных учебных заведений в Москве[68][73]. Обучение стоило дорого, но помогали Куманины. Режим дня в учебном заведении был строгий. На полном пансионе обучающиеся приезжали домой только на выходные. Подъём был по звонку в шесть утра, зимой — в семь; после молитвы и завтрака занимались до двенадцати; после обеда снова занимались с двух до шести; с семи до десяти повторяли уроки, после чего ужинали и ложились спать. Полный курс состоял из трёх классов продолжительностью 11 месяцев каждый. Преподавали математику, риторику, географию, историю, физику, логику, русский, греческий, латинский, немецкий, английский, французский языки, чистописание, рисование и даже танцы. Леонтий Чермак старался создать иллюзию семейной жизни: «ел за одним столом вместе со своими учениками и обращался с ними ласково, как с собственными сыновьями», входил во все нужды детей, следил за их здоровьем[74][75].

По воспоминаниям учившихся в то время Фёдор Достоевский был «серьёзный, задумчивый мальчик, белокурый, с бледным лицом. Его мало занимали игры: во время рекреаций он не оставлял почти книг, проводя остальную часть свободного времени в разговорах со старшими воспитанниками»[75]. Зимой 1835 года, предположительно, у Достоевского случился первый припадок падучей[76]. Среди преподавателей пансиона Фёдор и Михаил особенно выделяли учителя русского языка Николая Ивановича Билевича, который «просто сделался их идолом, так как на каждом шагу был ими вспоминаем». Билевич учился в одно время с Гоголем, посещал литературные собрания, сочинял стихи, переводил Шиллера. По предположению биографов Достоевского, педагог мог привлекать внимание учеников к текущим литературным событиям, творчеству Гоголя, а Билевич-литератор способствовать тому, что Достоевский начал думать о литературе как о профессии[77][78]. На семейных чтениях по выходным и летом продолжали читать Державина, Жуковского, Карамзина, Пушкина[79]. Предположительно, с 1835 года у Достоевских появляется подписка на журнал «Библиотека для чтения», в котором будущий писатель впервые читает «Пиковую даму» Пушкина, «Отца Горио» Оноре де Бальзака, произведения Виктора Гюго и Жорж Санд, драмы Эжена Скриба и другие новинки литературы[80].

В апреле 1835 года Мария Фёдоровна с младшими детьми едет в Даровое. В письме Михаила Андреевича от 29 апреля появляются первые свидетельства начала её тяжёлого заболевания[81]. Михаил, Фёдор и Андрей в это время готовятся к экзаменам в пансионе[82]. В Даровое они теперь могли приезжать только на месяц в июле-августе[83]. После рождения в июле дочери болезнь Марии Фёдоровны обострилась[84][83]. Следующее лето 1836 года в Даровом стало для неё последним. Осенью Мария Фёдоровна совсем занемогла. Андрей Достоевский позже вспоминал: «с начала нового, 1837 г. состояние маменьки очень ухудшилось, она почти не вставала с постели, а с февраля месяца и совершенно слегла». Коллеги-доктора пытались помочь жене Михаила Андреевича, но ни микстуры, ни советы не помогали[84]; 27 февраля Мария Фёдоровна Достоевская, не дожив до 37 лет, скончалась; 1 марта её похоронили на Лазаревском кладбище[84][85].

Юность

Инженерное училище
Основная статья: Достоевский в Главном инженерном училище
В мае 1837 года отец отвёз братьев Михаила и Фёдора в Петербург и определил их в приготовительный пансион К. Ф. Костомарова для поступления в Главное инженерное училище[86]. Михаил и Фёдор Достоевские желали заниматься литературой, однако отец считал, что труд писателя не сможет обеспечить будущее старших сыновей, и настоял на их поступлении в инженерное училище, служба по окончании которого гарантировала материальное благополучие. В «Дневнике писателя» Достоевский вспоминал, как по дороге в Петербург вместе с братом «мечтали мы только о поэзии и о поэтах», «а я беспрерывно в уме сочинял роман из венецианской жизни»[87]. Старший брат в училище не был принят. Младший же учился с тяготою, не испытывая никакого призвания к будущей службе. В том же году их отец в чине коллежского советника оставил службу (за время которой был награждён орденами Св. Владимира 4-й степени — 1829 и Св. Анны 2-й степени — 1832[88]) и поселился в Даровом, где в 1839 году, при до конца не выясненных обстоятельствах скончался.

Всё своё свободное от занятий время Достоевский уделял чтению сочинений Гомера, Корнеля, Расина, Бальзака, Гюго, Гёте, Гофмана, Шиллера, Шекспира, Байрона, из русских авторов — Державина, Лермонтова, Гоголя, а почти все произведения Пушкина знал наизусть. Согласно воспоминаниям русского географа Семёнова-Тян-Шанского[89], Достоевский был «образованнее многих русских литераторов своего времени, как, например, Некрасова, Панаева, Григоровича, Плещеева и даже самого Гоголя»[90].

Вдохновлённый прочитанным, юноша по ночам осуществлял собственные первые шаги в литературном творчестве. Осенью 1838 года товарищи по учёбе в Инженерном училище под влиянием Достоевского организовали литературный кружок, в который вошли И. И. Бережецкий[91], Н. И. Витковский, А. Н. Бекетов[92][5] и Д. В. Григорович. В июне 1839 года Фёдор получил трагическое известие о скоропостижной смерти своего отца, последовавшей от апоплексического удара, спровоцированного конфликтом с собственными крестьянами[93].

По окончании училища в 1843 году Достоевский был зачислен полевым инженером-подпоручиком в Петербургскую инженерную команду, но уже в начале лета следующего года, решив всецело посвятить себя литературе, подал в отставку и 19 октября 1844 года получил увольнение от военной службы в чине поручика[94].

Первые литературные опыты, публикации и петрашевцы
Ещё во время учёбы в училище Достоевский с 1840 по 1842 год работал над драмами «Мария Стюарт» и «Борис Годунов», отрывки из которых читал брату в 1841 году[95]. В январе 1844 года Достоевский писал брату, что закончил драму «Жид Янкель»[96]. Эти первые юношеские произведения не сохранились. В конце 1843 и начале 1844 года Достоевский переводил роман Эжена Сю «Матильда» и, немного позднее, роман Жорж Санд «Последняя из Альдини», одновременно начав работу над собственным романом «Бедные люди»[97]. Оба перевода не были завершены. В то же время Достоевский писал рассказы, которые не были закончены. Менее чем за год до увольнения с военной службы Достоевский в январе 1844 года завершил первый перевод на русский язык романа «Евгения Гранде» Бальзака[98], опубликованный в журнале «Репертуар и пантеон» в 1844 году без указания имени переводчика[99]. В конце мая 1845 года начинающий писатель завершил свой первый роман «Бедные люди»[5]. При посредничестве Д. В. Григоровича[100] с рукописью ознакомились Н. А. Некрасов и В. Г. Белинский[95]. «Неистовый Виссарион» поначалу высоко оценил это произведение[101]. Достоевский радушно был принят в кружок Белинского[102] и стал знаменитым до публикации романа Н. А. Некрасовым в январе 1846 года. Все заговорили о «новом Гоголе». Через много лет Достоевский вспоминал слова Белинского в «Дневнике писателя»:

„Вам правда открыта и возвещена как художнику, досталась как дар, цените же ваш дар и оставайтесь верным и будете великим писателем!..“ <...> Это была самая восхитительная минута во всей моей жизни. Я в каторге, вспоминая её, укреплялся духом. — Достоевский Ф. М. «Дневник писателя» 1877 год. Январь. Гл. 2. § 4

Однако следующее произведение «Двойник»[103] было встречено непониманием. По словам Д. В. Григоровича, восторженное признание и возведение Достоевского «чуть ли не на степень гения» сменилось разочарованием и недовольством. Белинский изменил своё первое благоприятное отношение к начинающему писателю. Критики «натуральной школы»[104] писали о Достоевском как о новоявленном и непризнанном гении с сарказмом. Белинский не смог оценить новаторство «Двойника», о котором М. М. Бахтин написал только спустя много лет. Кроме «неистового Виссариона», положительную оценку первым двум произведениям Достоевского дал только начинающий и многообещающий критик В. Н. Майков[105][106]. Близкие отношения Достоевского с кружком Белинского закончились разрывом после стычки с И. С. Тургеневым[107] в конце 1846 года. В то же время Достоевский окончательно рассорился с редакцией «Современника» в лице Н. А. Некрасова[5] и стал публиковаться в «Отечественных записках» А. А. Краевского[108].

Громкая слава позволила Достоевскому значительно расширить круг своих знакомств. Многие знакомые стали прототипами героев будущих произведений писателя, с другими связала многолетняя дружба, близость идейных взглядов, литература и публицистика. В январе — феврале 1846 года Достоевский по приглашению критика В. Н. Майкова посещал литературный салон Н. А. Майкова[109], где познакомился с И. А. Гончаровым[110]. Алексей Николаевич Бекетов, с которым Достоевский учился в Инженерном училище, познакомил писателя со своими братьями[111]. С конца зимы — начала весны 1846 года Достоевский стал участником литературно-философского кружка братьев Бекетовых (Алексея, Андрея[112] и Николая), в который входили поэт А. Н. Майков, критик В. Н. Майков, А. Н. Плещеев[113], друг и врач писателя С. Д. Яновский, Д. В. Григорович и др. Осенью того же года члены этого кружка устроили «ассоциацию» с общим хозяйством, которая просуществовала до февраля 1847 года. В кругу новых знакомых Достоевский нашёл истинных друзей, которые помогли писателю вновь обрести себя после размолвки с участниками кружка Белинского. 26 ноября 1846 года Достоевский писал брату Михаилу, что добрые друзья Бекетовы и другие «меня вылечили своим обществом»[114].


Достоевский в 26 лет, рисунок К. Трутовского, итальянский карандаш, бумага, (1847), (ГЛМ)
Весной 1846 года А. Н. Плещеев познакомил Достоевского с почитателем Ш. Фурье М. В. Петрашевским[115][116]. Но Достоевский начал посещать устраиваемые Петрашевским «пятницы» с конца января 1847 года, где главными обсуждаемыми вопросами были свобода книгопечатания, перемена судопроизводства и освобождение крестьян. Среди петрашевцев существовало несколько самостоятельных кружков. Весной 1849 года Достоевский посещал литературно-музыкальный кружок С. Ф. Дурова[117], состоявший из участников «пятниц», которые разошлись с Петрашевским по политическим взглядам. Осенью 1848 года Достоевский познакомился с называвшим себя коммунистом Н. А. Спешневым, вокруг которого вскоре сплотилось семеро наиболее радикальных петрашевцев, составив особое тайное общество. Достоевский стал членом этого общества, целью которого было создание нелегальной типографии и осуществление переворота в России[118]. В кружке С. Ф. Дурова Достоевский несколько раз читал запрещённое «Письмо Белинского Гоголю»[95]. Вскоре после публикации «Белых ночей»[119] ранним утром 23 апреля 1849 года писатель в числе многих петрашевцев был арестован[118] и провёл 8 месяцев в заключении в Петропавловской крепости[5]. Следствие по делу петрашевцев осталось в неведении о существовании семёрки Спешнева. Об этом стало известно спустя много лет из воспоминаний поэта А. Н. Майкова уже после смерти Достоевского[120]. На допросах Достоевский предоставлял следствию минимум компрометирующей информации.

В начале своего литературного творчества молодой Достоевский скорее страдал от избытка замыслов и сюжетов, чем от недостатка материала. Сочинения первого периода творчества Достоевского принадлежали различным жанрам:

юмористического рассказа — «Роман в девяти письмах» (создан в 1845 году, издан в 1847 году)[121]
физиологического очерка — фельетоны «Петербургской летописи» (1847)
рассказа — «Господин Прохарчин» (1846)[122], «Ползунков» (1848)[123], «Честный вор» (1848)[124]
трагикомического рассказа — «Чужая жена» и «Ревнивый муж» опубликованы как два отдельных рассказа в 1848 году, а для издания первого двухтомного собрания сочинений 1860 года были объединены под названием «Чужая жена и муж под кроватью»[125]
святочного рассказа — «Ёлка и свадьба» (1848)[126]
повести — «Хозяйка» (1847)[127], «Слабое сердце» (1848)[128], «Белые ночи» (1848)
романа — эпистолярный роман «Бедные люди» (1846); «Неточка Незванова» создавалась в 1848—1849 годах как роман воспитания, который не был закончен из-за ареста, впоследствии переделан в повесть, изданную в 1866 году[129]
В Алексеевском равелине Достоевский написал рассказ «Маленький герой» (1849)[130][5]. Многие творческие начинания и замыслы молодого писателя нашли своё более широкое воплощение в его последующем творчестве. Лучшим произведением этого периода признан роман «Бедные люди»[131].

Каторга и ссылка

Инсценирование казни на Семёновском плацу
Достоевский отрицал предъявленные ему обвинения, но суд признал его «одним из важнейших преступников»[132][133] за чтение и «за недонесение о распространении преступного о религии и правительстве письма литератора Белинского»[134]. До 13 ноября 1849 года Военно-судная комиссия приговорила Ф. М. Достоевского к лишению всех прав состояния и «смертной казни расстрелянием»[135]. 19 ноября смертный приговор Достоевскому был отменён по заключению генерал-аудиториата «ввиду несоответствия его вине осужденного» с осуждением к восьмилетнему сроку каторги[136]. В конце ноября император Николай I при утверждении подготовленного генерал-аудиториатом приговора петрашевцам заменил восьмилетний срок каторги Достоевскому четырёхлетним с последующей военной службой рядовым[137].

22 декабря 1849 (3 января 1850 года) на Семёновском плацу петрашевцам, и Ф. М. Достоевскому в их числе, был прочитан приговор о «смертной казни расстрелянием» с переломлением над головой шпаги, за чем последовала приостановка казни и помилование[138]. При инсценировке казни о помиловании и назначении наказания в виде каторжных работ было объявлено в последний момент. Один из приговорённых к казни, Николай Григорьев, сошёл с ума. Ощущения, которые Достоевский мог испытывать перед своей казнью, отражены в одном из монологов князя Мышкина в романе «Идиот»[138]. Вероятнее всего, политические взгляды писателя стали меняться ещё в Петропавловской крепости, в то время как его религиозные взгляды основывались на мировоззрении православия[139]. Так, петрашевцу Ф. Н. Львову запомнились слова Достоевского, сказанные перед его показательной казнью на Семёновском плацу Спешневу: «Nous serons avec le Christ» (Мы будем с Христом), на что тот ответил: «Un peu de poussière» (Горстью праха)[140]. В 1849 году Достоевский, замешанный в дело Петрашевского, был сослан в Сибирь[141].

Во время короткого пребывания в Тобольске с 9 по 20 января 1850 года на пути к месту каторги жёны сосланных декабристов Ж. А. Муравьёва[142], П. Е. Анненкова[143] и Н. Д. Фонвизина[144] устроили встречу писателя с другими этапируемыми петрашевцами и через капитана Смолькова[145] передали каждому Евангелие[146] с незаметно вклеенными в переплёт деньгами[147] (10 рублей). Свой экземпляр Евангелия Достоевский хранил всю жизнь как реликвию[148]. Следующие четыре года Достоевский провёл на каторге в Омске[132]. Кроме Достоевского через суровую школу каторги прошёл только ещё один русский писатель XIX века — Н. Г. Чернышевский. Арестанты были лишены права переписки, но, находясь в лазарете, писатель смог тайно вести записи в так называемой «Сибирской тетради» («моя тетрадка каторжная»[5]). Впечатления от пребывания в остроге нашли потом отражение в повести «Записки из Мёртвого дома». Достоевскому потребовались годы для того, чтобы сломить враждебное отчуждение к себе как к дворянину, после чего арестанты стали принимать его за своего. Первый биограф писателя О. Ф. Миллер[149] считал, что каторга стала «уроком народной правды для Достоевского». В 1850 году в польском журнале «Варшавская библиотека» были опубликованы отрывки из романа «Бедные люди» и положительный отзыв о нём[150]. Ко времени пребывания писателя на каторге относится первая медицинская констатация его болезни как падучая (Epilepsia)[151][152], что явствует из приложенного свидетельства лекаря Ермакова к прошению Достоевского 1858 года об отставке на имя Александра II[153].


После освобождения из острога Достоевский около месяца провёл в Омске, где познакомился и подружился с Чоканом Валихановым[154], будущим известным казахским путешественником и этнографом[155].

В конце февраля 1854 года Достоевский был отправлен рядовым в 7-й Сибирский линейный батальон в Семипалатинск[95]. Там же весной того же года у него начался роман с Марией Дмитриевной Исаевой, которая была замужем за местным чиновником Александром Ивановичем Исаевым, горьким пьяницей. Через некоторое время Исаева перевели на место смотрителя трактиров в Кузнецк[156]. 14 августа 1855 года Фёдор Михайлович получил письмо из Кузнецка: муж М. Д. Исаевой скончался после долгой болезни[157].

После смерти императора Николая I 18 февраля 1855 года Достоевский написал верноподданническое стихотворение[158], посвящённое его вдове, императрице Александре Фёдоровне. Благодаря ходатайству командующего отдельным Сибирским корпусом генерала от инфантерии Г. X. Гасфорта[159][160] Достоевский был произведён в унтер-офицеры согласно пункту приказа военного министра в связи с манифестом 27 марта 1855 года в ознаменование начала царствования Александра II и дарованием льгот и милостей ряду осуждённых преступников[161]. Надеясь на помилование нового императора Александра II, Фёдор Михайлович написал письмо своему давнему знакомому, герою Севастопольской обороны генерал-адъютанту Эдуарду Ивановичу Тотлебену[162], с просьбой походатайствовать о нём перед императором. Это письмо доставил в Петербург друг писателя барон Александр Егорович Врангель[163], опубликовавший свои воспоминания после смерти Достоевского[164]. Э. И. Тотлебен на личной аудиенции у императора добился определённого помилования[165]. В день коронации Александра II 26 августа 1856 года было объявлено прощение бывшим петрашевцам[166]. Однако Александр II приказал установить за писателем тайный надзор до полного убеждения в его благонадёжности[156]. 20 октября 1856 года Достоевский был произведён в прапорщики[157].


6 февраля 1857 года Достоевский обвенчался с Марией Исаевой в русской православной церкви в Кузнецке[167][168]. Спустя неделю после венчания молодожёны отправились в Семипалатинск и на четыре дня остановились в Барнауле у П. П. Семёнова, где у Достоевского произошёл эпилептический припадок[169]. Вопреки ожиданиям Достоевского этот брак не был счастливым.

Помилование Достоевскому[170] (то есть полная амнистия и разрешение публиковаться) было объявлено по высочайшему указу 17 апреля 1857 года, согласно которому права дворянства возвращались как декабристам, так и всем петрашевцам. Период заключения и военной службы был поворотным в жизни Достоевского: из ещё не определившегося в жизни «искателя правды в человеке» он превратился в глубоко религиозного человека, единственным идеалом которого на всю последующую жизнь стал Иисус Христос. Все три «верноподданнические» стихотворения Достоевского («На европейские события в 1854 году», «На первое июля 1855 года», <""На коронацию и заключение мира"">[171]) не были напечатаны при жизни писателя. Первым опубликованным произведением Достоевского после каторги и ссылки был рассказ «Маленький герой» («Отечественные записки», 1857, № 8)[95], что имело место после полной амнистии. В 1859 году были опубликованы повести Достоевского «Дядюшкин сон»[172] (в журнале «Русское слово») и «Село Степанчиково и его обитатели»[173] (в журнале «Отечественные записки»)[174].

После ссылки

30 июня 1859 года Достоевскому выдали временный билет[175], разрешающий ему выезд в Тверь, и 2 июля писатель покинул Семипалатинск[176]. В конце декабря 1859 года Достоевский с женой и приёмным сыном Павлом вернулся в Петербург[177], но негласное наблюдение за писателем не прекращалось до середины 1870-х годов. Достоевский был освобождён от надзора полиции 9 июля 1875 года[178].

В 1860 году вышло двухтомное собрание сочинений Достоевского[179]. Тем не менее, поскольку современники не смогли дать достойную оценку повестям «Дядюшкин сон» и «Село Степанчиково и его обитатели», Достоевскому потребовался повторный громкий литературный дебют, которым стала публикация «Записок из Мёртвого дома»[180] (впервые полностью в журнале «Время», 1861—1862). Новаторское сочинение, точное определение жанра которого до сих пор не удаётся литературоведам, ошеломило читателей России. Для современников «Записки» оказались откровением. До Достоевского никто не касался темы изображения жизни каторжных[181]. Одного этого произведения было достаточно для того, чтобы писатель занял достойное место как в русской, так и в мировой литературе. Согласно А. И. Герцену[182] в «Записках из Мёртвого дома» Достоевский предстал русским Данте, который спускался в ад. А. И. Герцен сравнивал «Записки» с фреской Микеланджело «Страшный суд»[181] и пытался перевести произведение писателя на английский язык, но из-за сложности перевода издание не было осуществлено.

С начала 1861 года Фёдор Михайлович помогал брату Михаилу издавать собственный литературно-политический журнал «Время»[183], после закрытия которого в 1863 году братья начали выпускать журнал «Эпоха». На страницах этих журналов появились такие произведения Достоевского, как «Униженные и оскорблённые» (1861)[184], «Записки из мёртвого дома»[185], «Скверный анекдот» (1862)[186], «Зимние заметки о летних впечатлениях» (1863)[187] и «Записки из подполья» (1864)[188]. Сотрудничество в журналах «Время» и «Эпоха» положило начало публицистической деятельности Достоевского, а совместная работа с Н. Н. Страховым[189] и А. А. Григорьевым[190] способствовала становлению братьев Достоевских на позициях почвенничества.


Аполлинария Суслова
Летом 1862 года Достоевский предпринял первую поездку за границу, побывав в Германии, Франции, Англии, Швейцарии, Италии и Австрии. Несмотря на то, что главной целью путешествия было лечение на немецких курортах, в Баден-Бадене писатель увлёкся разорительной игрой в рулетку[191], испытывал постоянную нужду в деньгах. Часть второй поездки по Европе летом 1863 года Достоевский провёл с молодой эмансипированной особой Аполлинарией Сусловой[192] («инфернальной женщиной» по словам писателя[193]), с которой также встречался в 1865 году в Висбадене. Любовь Достоевского к А. П. Сусловой, их сложные отношения и привязанность писателя к рулетке нашли отражение в романе «Игрок»[194]. Достоевский посещал казино в Баден-Бадене, Висбадене и Гомбурге в 1862, 1863, 1865, 1867, 1870 и 1871 годах. Последний раз писатель играл в рулетку в Висбадене 16 апреля 1871 года, когда после проигрыша навсегда поборол в себе страсть к игре[195]. Свои впечатления от первой поездки по странам Европы, размышления об идеалах Великой французской революции — «Свободе, равенстве и братстве» Достоевский описал в цикле из восьми философских очерков-эссе «Зимние заметки о летних впечатлениях»[196]. Писатель «в своих парижских и лондонских впечатлениях нашел вдохновение и силу» «объявить себя врагом буржуазного прогресса»[197]. Размышления писателя о буржуазной цивилизации в «Зимних заметках о летних впечатлениях» предваряли историко-социологическую проблематику «великого пятикнижия», философская основа которого по определению достоеведа А. С. Долинина была заложена в «Записках из подполья»[198].

«Записки из подполья»[199], знаменовавшие новый этап в развитии таланта Достоевского[200], должны были стать частями большого романа «Исповедь», нереализованный замысел которого зародился в 1862 году. Первая часть философской исповеди героя «Подполье»[201] была написана в январе и феврале, а вторая («Повесть по поводу мокрого снега») — с марта по май 1864 года. В повести Достоевский выступил как новатор, наделив рассуждения «подпольного человека»[202] большой силой убедительности. Эту «доказательность» унаследовали Раскольников, Ставрогин и братья Карамазовы в монологах последующих романов «великого пятикнижия». Столь необычный для современников приём стал основанием для ошибочного отождествления персонажа с автором[203]. Обладая собственным понятием выгоды «отрешившийся от почвы и народных начал»[204] «подпольный парадоксалист» ведёт полемику не только с теорией «разумного эгоизма» Н. Г. Чернышевского[205]. Его рассуждения направлены как против рационализма и оптимизма просветителей XVIII века (Руссо и Дидро), так и против сторонников различных лагерей общественно-политической борьбы начала 1860-х годов. «Подпольный человек» уверен, что «живая жизнь»[К 1] не поддаётся расчёту по формуле «2 х 2 = 4»[203]. Герою «Записок из подполья», который на последних страницах повести называет себя «антигерой»[206][207], ближе философские идеи Канта, Шопенгауэра и Штирнера о свободе воли — «своё собственное, вольное и свободное хотенье» превыше всего[208], и он доводит свою программу крайнего индивидуализма и скептицизма до логического предела[209]. При этом, к большому удивлению Достоевского, тезис о «потребности веры и Христа» не пропустила цензура. Образ утратившего связь с народом «лишнего человека»[210] стал результатом многолетних раздумий Достоевского и не переставал волновать его до конца жизни. Многие мысли автора «Записок из подполья» получили развитие в последующих романах, начиная с «Преступления и наказания»[209].

В 1864 году ушли из жизни жена и старший брат писателя. В данный период происходит разрушение социалистических иллюзий юности (основой которых являлись европейские социалистические теории), формируется критическое восприятие писателем буржуазно-либеральных ценностей[211]. Мысли Достоевского на этот счёт впоследствии найдут своё отражение в романах «великого пятикнижия» и «Дневнике писателя».

Расцвет творчества
К наиболее значительным произведениям писателя литературоведы относят уникальный в русской и мировой литературе моножурнал философско-литературной публицистики «Дневник писателя» и так называемое «великое пятикнижие»[212], в которое входят последние романы:

«Преступление и наказание» (1866),
«Идиот» (1868),
«Бесы» (1871—1872),
«Подросток» (1875),
«Братья Карамазовы» (1879—1880)[К 2].
«Преступление и наказание» и «Игрок»

«Преступление и наказание» в журнале «Русский вестник» М. Н. Каткова
В феврале 1865 года, через полгода после смерти брата, издание «Эпохи» прекратилось. Взяв на себя ответственность за долговые обязательства «Эпохи» и испытывая финансовые затруднения, Достоевский вынужден был согласиться на кабальные условия договора по публикации собрания сочинений с издателем Ф. Т. Стелловским[213] и начал работать над романом «Преступление и наказание»[214]. С 1865 по 1870 год Стелловский издавал полное по тем временам собрание сочинений Достоевского в 4 томах[215]. Создание «Преступления и наказания» началось в августе 1865 года за границей. Сохранился черновик письма писателя 10 (22)—15 (27) сентября 1865 года М. Н. Каткову[216] с изложением сюжета почти законченной повести и предложением её публикации в журнале «Русский вестник»[217], аванс за которую Катков отослал Достоевскому в Висбаден. В этом письме Каткову Достоевский описал содержание и главную идею повести. «Психологический отчет одного преступления» молодого человека, исключённого из университета студента, живущего в крайней бедности, который «по легкомыслию и по шатости в понятиях поддался некоторым странным „недоконченным“ идеям»[218]. «Он решился убить одну старуху, титулярную советницу, дающую деньги на проценты», чтобы сделать счастливой свою мать и сестру. После он мог бы окончить университет, уехать за границу и «всю жизнь быть честным, твердым, неуклонным в исполнении „гуманного долга к человечеству“».

«Тут-то и развёртывается весь психологический процесс преступления. Неразрешимые вопросы восстают перед убийцею, неподозреваемые и неожиданные чувства мучают его сердце. Божья правда, земной закон берет своё, и он кончает тем, что принуждён сам на себя донести. Принуждён, чтобы хотя погибнуть в каторге, но примкнуть опять к людям; чувство разомкнутости и разъединённости с человечеством, которое он ощутил тотчас же по совершении преступления, замучило его. Закон правды и человеческая природа взяли своё, убили убеждения, даже без сопротивления. Преступник сам решает принять муки, чтоб искупить своё дело».

Изложенный в письме Каткову сюжет стал синтезом ранних неосуществлённых замыслов писателя. О существовании основной философской идеи будущего «Преступления и наказания» свидетельствует запись в дневнике А. П. Сусловой от 17 сентября 1863 года: «<…> какой-нибудь Наполеон[219] говорит: „Истребить весь город“»[220]. В письме семипалатинскому другу барону А. Е. Врангелю от 28 сентября 1865 года Достоевский писал: «А между тем повесть, которую я пишу теперь, будет, может быть, лучше всего, что я написал, если дадут мне время её окончить»[221]. В начале ноября после возвращения в Петербург Достоевский продолжил работу над повестью, которая вскоре разрослась в роман. В письме из Петербурга А. Е. Врангелю 18 февраля 1866 года Достоевский писал: «В конце ноября было много написано и готово; я всё сжёг; теперь в этом можно признаться. Мне не понравилось самому. Новая форма, новый план меня увлёк, и я начал сызнова»[222]. В повести рассказ излагался от первого лица. В роман был добавлен социальный фон — линия Мармеладова[223] из замысла повести «Пьяненькие», герой получил имя Раскольников[224], повествование велось от лица автора для придания достоверности описанию психологии и раскрытия напряжённой внутренней жизни главного персонажа[225]. Новый, существенно переработанный и расширенный вариант романа «Преступление и наказание», опубликованный в журнале «Русский вестник» за 1866 год, создавался с декабря 1865 по декабрь 1866 года.

Первые главы отсылались М. Н. Каткову прямо в набор консервативного журнала «Русский вестник», где вышли в январе и феврале 1866 года, последующие печатались из номера в номер. До конца года Достоевский мог закончить роман. Однако, по жёстким условиям «драконовского контракта»[226], под угрозой потери авторских прав и гонораров на свои издания на 9 лет в пользу издателя Ф. Т. Стелловского писатель должен был предоставить новый неопубликованный роман к 1 ноября 1866 года. Достоевский находился в ситуации цейтнота, когда написать новый роман в столь сжатые сроки было физически невозможно. Совершенно случайно на помощь пришёл друг писателя А. П. Милюков[227], который для ускорения работы над романом «Игрок»[228] нашёл лучшую стенографистку Анну Григорьевну Сниткину[229].

Роман был создан за 26 дней[230]. С 4 по 29 октября Анна Григорьевна записывала текст под диктовку на квартире писателя в доме И. М. Алонкина[231] в Петербурге на углу Малой Мещанской и Столярного переулка[232], а не в Баден-Бадене, о чём «свидетельствует» надпись под барельефом Достоевского «Здесь был написан роман „Игрок“». Возможно, не случайно писателем было выбрано это место, где происходили события, описанные в повести М. Ю. Лермонтова «Штосс», и «проживал» Родион Раскольников. Вскоре после передачи рукописи романа «Игрок» издателю, 8 ноября 1866 года, Достоевский сделал Анне Григорьевне предложение руки и сердца[233]. 15 февраля 1867 года в Троицком соборе состоялось таинство венчания Достоевского и А. Г. Сниткиной[234]. Роман «Преступление и наказание» был оплачен М. Н. Катковым очень хорошо, но чтобы эти деньги не отобрали кредиторы, писатель уехал за границу со своей новой женой. Поездка отражена в дневнике, который в 1867 году начала вести жена писателя Анна Григорьевна. По пути в Германию супруги остановились на несколько дней в Вильне[К 3].

«Идиот»

Дом в Женеве, в котором жил Достоевский в 1868 году
За рубежом был написан роман «Идиот»[235], работу над которым Достоевский начал в сентябре 1867 года в Женеве, продолжил там же до конца мая 1868 года, затем писал его в Веве и Милане, а закончил во Флоренции 17 (29) января 1869 года[236]. Основную идею романа Достоевский изложил в письме из Женевы к А. Н. Майкову от 31 декабря 1867 (12 января 1868) года: «Давно уже мучила меня одна мысль, но я боялся из неё сделать роман, потому что мысль слишком трудная и я к ней не приготовлен, хотя мысль вполне соблазнительная и я люблю её. Идея эта — изобразить вполне прекрасного человека[237]. Труднее этого, по-моему, быть ничего не может, в наше время особенно»[238]. «Идиот» — одно из самых сложных произведений Достоевского[239]. Трагичность романа заключается в том, что «Князю-Христу» (Мышкину — любимому герою писателя[240]) вмешательством в судьбы других персонажей никого не удаётся осчастливить, не удаётся победить враждебные силы, жертвой которых становится и он сам[241].

«Бесы»
По завершении романа «Идиот» Достоевский задумал эпопею «Атеизм» (1869—1870), впоследствии изменив её название на «Житие великого грешника»[242]. Этот план не был осуществлён, но части замысла воплотились в 1870—1872 годах при подготовительной работе романа «Бесы», в 1874—1875 годах при написании романа «Подросток», и в 1878—1880 годах при создании романа «Братья Карамазовы»[243]. В августе 1869 года писатель приступил к написанию повести «Вечный муж»[244][245], текст которой через три месяца был отослан для публикации в журнале «3аря»[246]. Осенью того же года Достоевский одновременно работал над другими неосуществлёнными замыслами, вошедшими впоследствии в роман «Бесы», в частности персонаж одного из них — Картузов — воплотился в образ Лебядкина[247]. Обращает внимание помета писателя данного периода: «Всё кратко, по-пушкински, с самого начала без психологических тонкостей, с короткими фразами. Учиться писать»[248].

В романе «Бесы»[249] (1871—1872) отразилась ожесточённая полемика Достоевского с революционной Россией: как с нечаевцами («детьми» — нигилистами поколения «бесов»), так и с либералами («отцами»)[250][251], в определённой мере ответственными за начало террора. Согласно словам Достоевского из писем Н. Н. Страхову 9 (21) октября и 2 (14) декабря 1870 года замысел антинигилистического романа зародился в конце 1869 года. Непосредственно к работе над «Бесами» писатель приступил в январе 1870 года в Дрездене, о чём свидетельствуют подготовительные материалы к роману[252]. В марте 1870 года Достоевский писал Н. Н. Страхову, что скоро закончит тенденциозный роман-памфлет. «Нигилисты и западники требуют окончательной плети»[253]. Через день писатель сообщал А. Н. Майкову: «То, что пишу,— вещь тенденциозная, хочется высказаться погорячее. (Вот завопят-то про меня нигилисты и западники, что ретроград!) Да черт с ними, а я до последнего слова выскажусь»[254]. Работа над романом значительно приостановилась летом, когда первый план стал занимать мощный образ Ставрогина[255], ставший ключевым героем «Бесов». Тогда замысел произведения был кардинально переработан, и политический памфлет соединился с романом-трагедией[256]. Процесс создания «Бесов» стоил Достоевскому большего труда, чем любое другое его произведение.


Спасаясь от кредиторов, Достоевский был вынужден четыре года провести за границей. 8 июля 1871 года после четырёхлетнего пребывания в Европе Достоевский с семьёй вернулся в Петербург[257]. Возвращение в Россию знаменовало наиболее благоприятный в материальном плане период жизни писателя и самый светлый период семейного счастья[258]. Вторая жена Анна Григорьевна обустроила жизнь писателя, взяв на себя руководство финансами семьи, а с 1871 года Достоевский навсегда бросил рулетку. Эти годы жизни были очень плодотворными. С 1872 года семья писателя проводила лето в городе Старая Русса Новгородской губернии[5]. Для поправки здоровья Достоевский часто выезжал в Германию на курорт в Эмс.

В России писатель продолжил написание романа «Бесы», который был закончен в Петербурге во второй половине ноября 1872 года[259]. Отрицательных отзывов о романе было больше, чем положительных. Защищаясь от критиков, превратно истолковывавших идею романа «Бесы», Достоевский поместил в «Дневнике писателя» статью «Одна из современных фальшей» (1873), где писал, что среди нечаевцев не все «идиотические фанатики», шалопаи, «монстры» и «мошенники»: «Не верю, не все; я сам старый „нечаевец“».

«Дневник писателя»

Редакция «Гражданина» сообщает о публикации нового произведения Достоевского на своих страницах в 1873 году и «Дневник писателя» в отдельном издании 1877 года
Склонность к публицистике Достоевский питал с первого периода творчества, когда в 1847 году были опубликованы его фельетоны «Петербургская летопись». После долгого вынужденного перерыва каторги и ссылки тяга писателя к освещению злободневных проблем воплощалась при издании журналов «Время» и «Эпоха». В первом январском номере еженедельного журнала «Гражданин» за 1873 год, издававшегося В. П. Мещерским[260], появился раздел «Дневник писателя»[261], в котором Достоевский пояснил своё желание отразить собственное отношение к актуальным событиям словами «Буду и я говорить сам с собой … в форме этого дневника. <…> Об чем говорить? Обо всем, что поразит меня или заставит задуматься»[262], когда хаос, отсутствие убеждений и «точек упоров», цинизм преобладали в пореформенной России. Н. К. Михайловский[263] назвал новую рубрику комментарием к роману «Бесы», публикация которого и работа Достоевского на посту редактора-издателя «Гражданина» дали повод критикам к обвинению писателя в реакционности и ретроградстве. Исполнение редакторских обязанностей отнимало много времени и сил, поэтому писатель решил покинуть пост и перейти к созданию романа «Подросток». Последний подписанный Достоевским как редактором номер «Гражданина» вышел 15 апреля 1874 года[264].

Новаторское[265] по форме и содержанию издание одного автора состояло из серий фельетонов, очерков, полемических заметок на злобу дня, литературной критики[266], воспоминаний. В «Дневнике писателя» впервые публиковались ответы на письма читателей со всей России, были напечатаны небольшие художественные произведения: «Бобок» (1873), «Мальчик у Христа на ёлке» (1876), «Мужик Марей» (1876), «Столетняя» (1876), «Кроткая» (1876), «Сон смешного человека» (1877). В 1880 году вышел очерк о Пушкине. На страницах моножурнала в форме диалога велась полемика равных по силе оппонентов, которые представляли различные направления русской общественно-литературной мысли: консервативной («Русский мир», «Русский вестник»), либеральной («Вестник Европы») и революционно-демократической («Отечественные записки»)[267]. Автор излагал разные точки зрения на современные события и собственное к ним отношение. Поиск ответов на острые вопросы политической, социальной и духовной жизни России впоследствии был продолжен в самостоятельных выпусках «Дневника писателя» за 1876, 1877, 1880 и 1881 годы, в романах «Подросток» и «Братья Карамазовы», в речи о Пушкине 1880 года. «Дневник писателя» пользовался большой популярностью, благодаря чему возросло влияние его автора на общественное мнение[268].

«Подросток»

Рабочий кабинет писателя в последней квартире в Петербурге
Свой четвёртый роман «великого пятикнижия» по просьбе Н. А. Некрасова Достоевский предоставил для публикации журналу «Отечественные записки»[269], где он выходил на протяжении 1875 года[270]. Замысел романа оформлялся в период редакторской работы писателя в журнале «Гражданин» и был связан как с опубликованными там публицистическими выступлениями[271], как с предшествующими неосуществлёнными планами, так и с некоторыми ранними произведениями («Двойник», «Маленький герой», «Записки из подполья») и зрелыми романами («Идиот», «Бесы»). Наряду с многими протагонистами романов «великого пятикнижия» заглавный герой «Подростка» является носителем идеи[272]. На этом основании «Преступление и наказание», «Идиот», «Бесы», «Подросток» и «Братья Карамазовы» литературоведы называют идеологическими романами (термин впервые употребил Б. М. Энгельгардт[273][274]). Герой романа, подросток 19 лет Аркадий Макарович Долгорукий, пытается воплотить «идею Ротшильда»[275] — «цель не богатство материальное, а могущество». При этом главным в произведении Достоевский считал не проверку «идеи» Аркадия Долгорукого на прочность, а поиск им идеала. Наряду с темой «отцы и дети»[276], отражённой в «Бесах», на первый план выходит тема воспитания Подростка, поэтому литературоведы причисляют это произведение к роману воспитания[277][5]. В конце «Записок» (своего рода покаянной исповеди) герой пишет о неузнаваемом изменении «идеи Ротшильда»: «Но эта новая жизнь, этот новый, открывшийся передо мною путь и есть моя же „идея“, та самая, что и прежде, но уже совершенно в ином виде, так что её уже и узнать нельзя»[278].

«Братья Карамазовы» и речь о Пушкине
В марте 1878 года Комитет общества литераторов Франции пригласил Достоевского принять участие в Международном литературном конгрессе в Париже под председательством В. Гюго. В списке членов Международной литературной ассоциации Достоевский возглавлял представителей от России[279]. По причинам болезни и смерти сына Алексея 16 мая Достоевский не смог присутствовать на конгрессе, состоявшемся 30 мая (11 июня) 1878 года[280].

Зимой 1878 года воспитатель великих князей Сергея[281] и Павла Александровичей Д. С. Арсеньев по просьбе императора Александра II познакомился с Достоевским и весной пригласил писателя на обед к великим князьям. С Александром II Достоевский не был лично знаком, но трижды присутствовал на обедах с его сыновьями Сергеем и Павлом Александровичами. 21 марта и 24 апреля 1878 года на обедах у великих князей с Достоевским присутствовал К. Н. Бестужев-Рюмин[282][283][284]. Третий обед с Достоевским состоялся 5 марта 1879 года, о чём великий князь К. К. Романов[285] оставил запись в дневнике[286]. 16 декабря 1880 года Достоевский был принят наследником и будущим императором Александром III в Аничковом дворце[287]. В эти же годы писатель сблизился с консервативными журналистами, публицистами и мыслителями, переписывался с видным государственным деятелем К. П. Победоносцевым[288], с которым был знаком с 1872 года[5]. Весной 1878 года Достоевский заинтересовался личностью одного из родоначальников русского космизма Н. Ф. Фёдорова, идеи которого считал «как бы за свои»[289], и посещал некоторые лекции Вл. С. Соловьёва[290] «О Богочеловечестве»[280]. Размышления писателя над близкими ему философскими идеями Н. Ф. Фёдорова и проблема соотношения природного и нравственного начал человеческой личности, затронутая в чтениях Вл. Соловьёва, будут отражены в «Братьях Карамазовых»[291].


Титульный лист первого отдельного издания романа «Братья Карамазовы», том II. Типография братьев Пантелеевых, 1881 год
Итогом творческого и жизненного пути Достоевского стал последний роман «великого пятикнижия» «Братья Карамазовы»[292], замысел которого возник весной 1878 года, но был связан с неосуществлёнными планами масштабных произведений «Атеизм» (1868—1869) и «Житие великого грешника» (1869—1870). Некоторые образы, эпизоды и идейные мотивы последнего романа Достоевского берут истоки почти во всех предшествующих произведениях, начиная с «Бедных людей» и заканчивая «Дневником писателя» и «Подростком»[293]. Первые черновые заметки к роману «о детях» («Братья Карамазовы») появились после 12 апреля 1878 года и были озаглавлены «„Memento“ (о романе)». Писатель планировал включить в сюжет события из неосуществлённого замысла 1874 года «Драма. В Тобольске»[294]. Несколько дней в июне 1878 года Достоевский с Вл. Соловьёвым провёл в Оптиной пустыни[295]. Встречи с иноками повлияли на создание образа старца Зосимы. Проведя лето 1878 года в Старой Руссе, Достоевский с семьёй вернулся в Петербург и 5 октября поселился в квартире дома 5/2 в Кузнечном переулке, где проживал до дня своей смерти 28 января 1881 года[296]. Здесь же в 1880 году писатель закончил свой последний роман «Братья Карамазовы», печатавшийся в журнале «Русский вестник» с февраля 1879 года (январский выпуск). В настоящее время в квартире расположен Литературно-мемориальный музей Ф. М. Достоевского.

8 июня 1880 года, немногим более чем за полгода до смерти, Достоевский произнёс знаменитую речь в Благородном собрании, посвящённую открытию памятника Пушкину в Москве[297].

Основная статья: Речь Достоевского о Пушкине
Прижизненная слава писателя достигла своего апогея после выхода романа «Братья Карамазовы». Пушкинская речь знаменовала собой пик популярности Достоевского. Д. С. Мирский писал: «Речь эта вызвала восторг, подобного которому не было в истории русской литературы»[298].

Болезнь
Достоевский с 9 лет страдал эпилепсией. Кандидат медицинских наук Михаил Давидов на основании изучения многих документов опубликовал в 2022 году статью о болезни Достоевского (научными консультантами статьи выступили А. А. Шутов и Ю. В. Каракулова)[299]. Давидов выделил четыре стадии болезни Достоевского[300]:

Начальная (с лета 1831 года до июня 1839 года) — первые бессудорожные проявления эпилепсии;
Манифестная (с июня 1839 года по декабрь 1849 года) — десяток больших судорожных припадков, малые припадки, галлюцинации, фобии, явления деперсонализации и дереализации, феномен «дежа вю», пароксизмальные расстройства сна и дисфории;
Прогрессирующая (1850 год — декабрь 1859 года) — резкое возрастание числа и тяжести больших судорожных припадков;
Стадия полного развития заболевания (1860 год — январь 1881 года) — значительное преобладание больших судорожных припадков, увеличение их числа и тяжести, нарушения памяти, дисфории, появление лёгких и умеренных эпилептоидных черт характера.
Смерть и похороны

Посмертный портрет И. Н. Крамского «Ф. М. Достоевский на смертном одре»
В начале января 1881 года, при встрече с Д. В. Григоровичем, Достоевский поделился предчувствием, что не переживёт нынешней зимы[301]. 26 января (7 февраля) 1881 года сестра писателя Вера Михайловна приехала в дом к Достоевским, чтобы просить брата отказаться в пользу сестёр от своей доли рязанского имения, доставшейся ему по наследству от тётки А. Ф. Куманиной[302]. Л. Ф. Достоевская вспоминала о бурной сцене с объяснениями и слезами, после чего у Достоевского пошла кровь горлом[303]. Возможно, что этот неприятный разговор стал толчком к обострению его болезни (эмфиземы).

Через два дня, 28 января 1881 года, на 60-м году жизни Фёдор Михайлович Достоевский скончался. Диагноз — туберкулёз лёгких, хронический бронхит, в небольших размерах эмфизема лёгких[304].


После известия о смерти Достоевского квартира стала заполняться толпами народа, пришедшего проститься с великим писателем. Среди прощавшихся было много молодёжи. Художник И. Н. Крамской написал карандашом и тушью посмертный портрет писателя[305], сумев передать ощущение, запечатлевшееся в памяти А. Г. Достоевской: «Лицо усопшего было спокойно, и казалось, что он не умер, а спит и улыбается во сне какой-то узнанной им теперь „великой правде“»[306]. Эти слова вдовы писателя напоминают строки из речи Достоевского о Пушкине: «Пушкин умер в полном развитии своих сил и бесспорно унёс с собою в гроб некоторую великую тайну. И вот мы теперь без него эту тайну разгадываем»[307].

Количество депутаций превышало заявленное. Процессия до места захоронения растянулась на версту. Гроб несли на руках. 1 февраля 1881 года Ф. М. Достоевский был похоронен на Тихвинском кладбище Александро-Невской лавры в Санкт-Петербурге[308]. При захоронении у могилы Достоевского выступили А. И. Пальм[309], первый биограф писателя О. Ф. Миллер, П. А. Гайдебуров[310], К. Н. Бестужев-Рюмин, Вл. С. Соловьёв, П. В. Быков[311], студенты Д. И. Козырев, Павловский и др.[308] В эпитафии на надгробии приведены слова о пшеничном зерне из Евангелия от Иоанна (Ин. 12:24), указанные в качестве эпиграфа к роману «Братья Карамазовы». Здесь же покоится прах жены писателя А. Г. Достоевской и их внука Андрея Фёдоровича (1908—1968)[К 4].

Несмотря на известность, которую Достоевский обрёл в конце своей жизни, поистине непреходящая, всемирная слава пришла к нему после смерти. В частности, Фридрих Ницше признавал, что Достоевский был единственным психологом, у которого он мог кое-чему поучиться («Сумерки идолов»)[312].

Семья

Анна Григорьевна Достоевская (урождённая Сниткина)
От первого брака с Марией Дмитриевной Достоевской (Исаевой), продлившегося семь лет, у Ф. М. Достоевского детей не было. Вторая жена — Анна Григорьевна Достоевская — родилась в семье мелкого петербургского чиновника. По её собственному признанию, любила Достоевского ещё до встречи с ним. Анна Григорьевна стала супругой писателя в возрасте 20 лет, вскоре после завершения романа «Игрок». В то время (конец 1866 — начало 1867 года) Достоевский испытывал серьёзные материальные затруднения, поскольку кроме выплаты долгов кредиторам содержал пасынка от первого брака Павла Александровича Исаева[313] и помогал семье старшего брата. Кроме этого Достоевский не умел обращаться с деньгами. При таких обстоятельствах Анна Григорьевна взяла руководство финансовыми делами семьи в свои руки, оберегая писателя от кредиторов. После смерти писателя А. Г. Достоевская вспоминала: «…мой муж всю свою жизнь был в денежных тисках»[314]. Достоевский посвятил супруге свой последний роман «Братья Карамазовы». После смерти писателя Анна Григорьевна собирала документы, связанные с жизнью и деятельностью Достоевского, занималась изданием его сочинений, готовила к печати свои дневники и воспоминания.

От брака с Анной Григорьевной у Ф. М. Достоевского было четверо детей:

Дочь София (1868—1868) родилась в Женеве[315], где через несколько месяцев скончалась[316]
Дочь Любовь (1869—1926) родилась в Дрездене[317]
Сын Фёдор (1871—1922) родился в Петербурге[318][319]
Сын Алексей (1875—1878) родился в Старой Руссе[320][321]
Продолжателем рода писателя стал сын Фёдор Фёдорович Достоевский, женившийся на дочери П. Г. Цугаловского, Екатерине Петровне (1875—1958); 15 июля 1876 года Достоевский писал жене из Эмса: «У Феди мой <характер>, мое простодушие. Я ведь этим только, может быть, и могу похвалиться…»[322]. А. Г. Достоевская вспоминала о подаренном жёнами декабристов Евангелии: «Часа за два до кончины, когда пришли на его зов дети, Федор Михайлович велел отдать Евангелие своему сыну Феде»[323].

Потомки Фёдора Михайловича продолжают проживать в Санкт-Петербурге[324][325]. В интервью журналу «Итоги» правнук писателя Дмитрий Андреевич Достоевский (1945—2024) сказал, что считает себя достоеведом-любителем[326]. Дмитрий Достоевский снялся в трёх фильмах («Мальчики», «Путешествие Достоевского», «Секретная служба Его Величества»). Водил трамвай в Санкт-Петербурге по историческим местам Достоевского[327].

Поэтика
Новаторство Фёдора Михайловича Достоевского в области поэтики рассматривается в монографиях и статьях исследователей творчества писателя.

Философские и политические взгляды

Достоевский под арестом в гауптвахте на Сенной площади. Здесь он был 21 и 22 марта 1874 года «за нарушение порядка публикаций»
Ф. М. Достоевский не учился философии, не писал философские трактаты и не претендовал на звание философа. Современники писателя не рассматривали его сочинения с философской точки зрения. Однако в настоящее время, как писал американский исследователь Джеймс Сканлан, «даже самый суровый критик должен признать, что Достоевский при всей своей удаленности от академической философии был одним из самых философских писателей»[328].

Со стороны оппонентов Ф. М. Достоевского его политические взгляды в разное время интерпретировались как ретроградство, реакционность, национализм, шовинизм, анахронизм, антисемитизм, черносотенство. Ф. М. Достоевский прослыл ретроградом и реакционером после публикации романа «Бесы», когда часть образованной общественности поддерживала взгляды нигилистов, народников и революционных демократов. Это мнение было подкреплено работой Н. К. Михайловского «Жестокий талант», эпиграфами к которой приводились цитаты из произведений Ф. М. Достоевского, свидетельствующие о превратном толковании их идейной направленности[329].

Архиепископ Кентерберийский Роуэн Уильямс в интервью «Русской службе Би-би-си» сказал: «Достоевский страшно неудобный автор для всякого политика, хоть для левого, хоть для правого: он неизменно сдирает всякую самонадеянность. И это, по-моему, важно»[330].

Взгляды на социализм
Свои политические взгляды времён петрашевцев Достоевский позднее назвал «теоретическим социализмом» в духе системы Фурье[331]. После первой поездки по странам Европы в 1862 году «Достоевский становится противником распространения в России универсального, общеевропейского прогрессизма», выступив в статье «Зимние заметки о летних впечатлениях» (1863) с острой критикой западноевропейского буржуазного общества, подменившее свободу «миллионом»[331]. Понятие Герцена «русский социализм» Достоевский наполнил христианским содержанием[332]. Достоевский отрицал разделение общества на классы и классовую борьбу, полагая, что атеистический социализм не может заменить буржуазность, поскольку принципиально от неё не отличается. В журналах «Время», «Эпоха» и в «Дневнике писателя» Достоевский давал возможность свободного высказывания противоположных мнений. Писатель считал себя более либеральным сравнительно с русскими либералами:

Короче, либералы наши, вместо того чтоб стать свободнее, связали себя либерализмом как веревками, а потому и я, пользуясь сим любопытным случаем, о подробностях либерализма моего умолчу. Но вообще скажу, что считаю себя всех либеральнее, хотя бы по тому одному, что совсем не желаю успокоиваться. — Достоевский Ф. М. «Дневник писателя». 1876 год. Январь. Гл. 1. Вместо предисловия. О большой и малой медведицах, о молитве великого Гёте и вообще о дурных привычках

Почвенничество
При жизни Достоевского в культурных слоях общества относительно альтернативного противопоставления Россия-Запад противоборствовали два направления общественной и философской мысли — славянофильство и западничество, суть которых приблизительно такова: приверженцы первого утверждали, что будущее России в народности, православии и самодержавии, приверженцы второго считали, что русские должны во всем брать пример с европейцев. И те, и другие размышляли над исторической судьбой России. Узкий кружок сотрудников журналов «Время» и «Эпоха» вместе с Достоевским придерживался собственной независимой позиции, выражаемой «почвенничеством»[333].

Политические взгляды Ф. М. Достоевского следует рассматривать в рамках теории официальной народности (православие, самодержавие и народность). Политолог Л. В. Поляков причисляет Ф. М. Достоевского к выдающимся представителям русского консерватизма[334], а историк А. В. Репников относит почвенничество Ф. М. Достоевского к славянофильству и русскому консерватизму[335]. Наиболее обстоятельно почвенничество рассматривается в монографиях польского политолога Анджея де Лазари[336] и канадского историка Вэйна Доулера (Wayne Dowler)[337].

Несмотря на противоборство со славянофильством, сам писатель причислял себя к славянофилам, выступавшим за объединение всех славян (панславизм):

«Я во многом убеждений чисто славянофильских, хотя, может быть, и не вполне славянофил». <...> «И наконец, для третьих славянофильство, кроме этого объединения славян под началом России, означает и заключает в себе духовный союз всех верующих в то, что великая наша Россия, во главе объединенных славян, скажет всему миру, всему европейскому человечеству и цивилизации его своё новое, здоровое и ещё неслыханное миром слово. Слово это будет сказано во благо и воистину уже в соединение всего человечества новым, братским, всемирным союзом, начала которого лежат в гении славян, а преимущественно в духе великого народа русского, столь долго страдавшего, столь много веков обреченного на молчание, но всегда заключавшего в себе великие силы для будущего разъяснения и разрешения многих горьких и самых роковых недоразумений западноевропейской цивилизации. Вот к этому-то отделу убежденных и верующих принадлежу и я» — Достоевский Ф. М. «Дневник писателя». 1877 год. Июль-август. Гл. 2. Признания славянофила

В 1860 году Достоевский ввёл термин «русская идея»[338][339]. Философ А. В. Гулыга писал: «Русская идея Достоевского — это воплощённая в патриотическую форму концепция всеобщей нравственности»[340].

Достоевский описывал русскую культуру как основанную на глубоком православном понимании христианства, а русский народ — как народ-богоносец, имеющий особое призвание, заключающееся в том, чтобы указать человечеству религиозный путь к спасению и возглавить его на этом пути[341][342].

Достоевский приветствовал реформы Петра I, обогатившие русскую культуру европейскими гениями, и призвал Россию и Европу к мирному братству:

Что такое для нас петровская реформа?.. Мы не враждебно, а дружественно, с полною любовью приняли в душу нашу гении чужих наций, всех вместе... И тем уже выказали готовность и наклонность нашу ко всеобщему общечеловеческому воссоединению со всеми племенами великого арийского рода. Стать настоящим русским, стать вполне русским, может быть, и значит только стать братом всех людей, всечеловеком, если хотите. Для настоящего русского Европа и удел всего великого арийского племени так же дороги, как и сама Россия, как и удел своей родной земли, потому что наш удел и есть всемирность, и не мечом приобретённая, а силой братства...[343]

В 1879 году в своей известной Пушкинской речи Достоевский объявил о готовности русских к «воссоединению со всеми племенами великого Арийского рода». В представлениях Достоевского это были русская «всемирность» и «братство»[344].

Апокалиптизм

Достоевский в 1879 году
Достоевский уверился, что конец света настанет в 1876 или 1877 году (он делал конкретные предсказания), когда произойдёт последняя битва между добром и злом, после чего начнётся царствование всеобщего братства. В своём сборнике «Дневник писателя» Достоевский интерпретировал Откровения как борьбу личностей, воплотившихся в нации или народы. Он верил, что сможет понять характеры этих народов и предвидеть их действия[345].

Он предложил несколько версий развязки истории. Католицизм (Франция), протестантизм (Германия) и православие (Россия) будут бороться между собой; победителем из этой борьбы выйдет Россия; Христианская Россия будет сражаться с силами антихриста во главе с папой; или христианский принцип любви будет противостоять «еврейскому принципу» материализма, представленному Бенджамином Дизраэли, Англией и российским финансовым сообществом, а также самими евреями. Когда эта последняя идея стала в его сознании преобладать над другими версиями, Достоевский писал, что евреи, если бы у них была возможность, истребили бы русских до последнего человека, как они это сделали, по его словам, с ханаанскими племенами в библейские времена. Достоевский рассматривается как пример тезиса Нормана Кона о том, что апокалиптика питает антисемитизм. С точки зрения Достоевского, в финальной битве между добром и злом евреи, скорее всего, будут явлены как сила зла[346].

Когда конец света не наступил, Достоевский прекратил публикацию «Дневника писателя» и написал свой величайший роман «Братья Карамазовы». В нём Апокалипсис интерпретируется уже не как неизбежный, а либо метафорически, либо как непредсказуемый[346].

Еврейский вопрос
Проблема антисемитизма Фёдора Достоевского всегда волновала его поклонников, особенно на Западе. Критики то сводили к минимуму или оправдывали комментарии Достоевского о евреях, то отвергали его произведения как антисемитские. Они выражали удивление, что автор, столь полно выражавший сострадание ко всем страждущим и преданный христианским идеям любви и милосердия, мог оставить эти убеждения, когда писал о евреях[347].

Негативное восприятие евреев и религиозная вражда христианства к иудаизму выражены в художественных произведениях и в публицистике Достоевского. Он отрицательно относился к «инородцам» и «инославным» вероисповеданиям, что было характерными чертами русского национализма нового времени. Писатель употреблял уничижительные прозвища: жиды, жидки, жидишки, жидюги, жиденята[348]. Однако в целом до последних пяти-шести лет жизни писателя евреи играли лишь небольшую роль в его мышлении. В большинстве своих художественных произведений Достоевский упоминал евреев лишь вскользь или как образы, помогающие подчеркнуть какую-либо другую мысль. Учитывая российский контекст того времени, его работы 1860-х годов не оправдывают обвинений в антисемитизме. Однако в середине 1870-х годов его мышление претерпело решающий поворот, с этого момента до своей смерти в 1881 году он стал продвигать антисемитские идеи, и его труды вдохновили многих других. Даже по российским меркам своего времени Достоевский выделялся как особенно резкий критик евреев. Это изменение во взглядах связано с его идеями о конце света в 1876 или 1877 году, когда произойдет последняя битва наций или народов и в этой финальной битве между добром и злом евреи встанут на стороне зла[345].

Первым еврейским персонажем в творчестве писателя был Исай Фомич Бумштейн («Записки из Мёртвого дома», 1861—1862), рижский еврей, каторжник, которого автор стилизовал под Янкеля из «Тараса Бульбы» Гоголя. Манеры, внешность, молитвенные обряды и речь Исая Достоевский изобразил насмешливо и недоброжелательно. Почти всех евреев в своих произведениях писатель наделил отрицательными характерами, сделав их одновременно опасными и жалкими, трусливыми и наглыми, хитрыми, алчными и бесчестными. Достоевский обращался к антисемитским штампам и наветам, включая осквернение иконы Богоматери евреем-выкрестом Лямшиным в «Бесах», «справедливость» обвинения евреев в ритуальном употреблении крови христианских младенцев в «Братьях Карамазовых»[348]. Однако в этом романе, как и в его ранних романах, евреи практически не играют никакой роли[346].

Достоевский уделял большое внимание еврейскому вопросу в публицистике. В своём журнале «Время» писатель поддержал закон от 27 ноября 1861 года, который расширял гражданские права евреев, имеющих высшее образование, и издал возражение против антиеврейских выступлений газеты «День» славянофила Ивана Аксакова. В публицистике Достоевского 1870-х годов еврейский вопрос получил противоречивую, в основном недоброжелательную трактовку. Подобно большинству русских публицистов своего времени, Достоевский винил евреев в послереформенном разорении русского крестьянства. По его словам, евреи являются страшной опасностью для России и её народа в экономическом, политическом и духовном плане. Он утверждал, что в русском народе нет ненависти по отношению к евреям, однако сами евреи ненавидят русских, а ограничительные законы против евреев — не более чем самозащита угнетённых евреями русских. Либерализация политического режима, по его мнению, ведёт к тому, что «жидки будут пить народную кровь». Особо негативно Достоевский писал об образованном еврее, «из тех, что не веруют в Бога» и носит в себе начала космополитизма и либерализма. Такой еврей связывает еврея-шинкаря с лордом Биконсфилдом. Направленную против России политику которого Достоевский объяснял его еврейским происхождением. Писатель заявлял, что Сила «еврейской идеи» в мире воспрепятствовала решению славянского вопроса на Берлинском конгрессе в пользу славянских народов, а не турок[348].

Получив в 1877 году письмо А. У. Ковнера, который обвинил писателя в антисемитизме, Достоевский в том же году снова обратился к еврейскому вопросу, которому посвятил несколько глав в «Дневнике писателя». Он писал: «Но уже 40-вековое, как вы говорите, их существование доказывает, что это племя имеет чрезвычайно сильную жизненную силу, которая не могла, в продолжение всей истории, не формироваться в разные status in statu» (государство в государстве). Негативное отношение к евреям отражено в письмах писателя 1878—1881 годов, где, отмечая активное участие евреев в революционном и социалистическом движении, он утверждает, что «жиду» идёт весь выигрыш от любого радикального потрясения и ослабления «всего того, что не жиды». В Германии, по его мнению, всюду «жидовские рожи». В советском издании («Письма. 1832—1881», под редакцией и с примечаниями А. Долинина, т. 1-4, М.-Л., 1928—1959) эти места опущены[348].

В то же время писатель выражал недоумение перед «тайной» неистребимости еврейского народа, верностью евреев своей религии и древней родине. Евреи, их история и положение в мире воспринимались им как религиозный феномен, а религиозная природа еврейства, по его мнению, не может измениться. «Еврей без Бога как-то немыслим»[348].

Взгляды Достоевского по еврейскому вопросу связаны со славянофильскими корнями его мировоззрения и русским национально-религиозным мессианизмом, входящим в противоречия с еврейским мессианизмом. В восприятии Достоевского существование евреев является вызовом христианству и, в первую очередь, русскому православию. Достоевский рассматривал русских как единственный подлинный народ-богоносец, и существование еврейского народа было живым опровержением его идей. В отличие от «русской идеи» Достоевский определял «жидовскую идею» как слепую плотоядную жажду личного обогащения, житейский материализм и безнравственность[348].

Лев Толстой и Фёдор Достоевский
К концу XIX — началу XX столетия сияющая слава И. С. Тургенева, считавшегося до той поры лучшим русским писателем, затмилась вышедшими на первый план Л. Н. Толстым и Ф. М. Достоевским, к сравнению которых обратилась критика, и о чём страстно писал Д. С. Мережковский в литературном эссе «Л. Толстой и Достоевский»[349]. За редким исключением читатели разделили свои симпатии между двумя великими русскими писателями. Н. А. Бердяев, причислявший себя к духовным детям Достоевского, писал о двух строях души: «<…> — один благоприятный для восприятия толстовского духа, другой — для восприятия духа Достоевского. И те, которые слишком любят толстовский духовный склад и толстовский путь, те с трудом понимают Достоевского. Люди толстовского типа часто обнаруживают не только непонимание Достоевского, но и настоящее отвращение к Достоевскому»[350]. В. В. Вересаев[351], Андрей Белый[352], В. В. Набоков отдавали предпочтение Л. Н. Толстому, что влияло на их оценки творчества Достоевского: светлый Толстой (живая жизнь) противопоставлялся мрачному Достоевскому (банька с пауками, тарантул).

И. А. Бунин обожал Л. Н. Толстого, а Достоевского предлагал «сбросить с корабля современности». Такая позиция согласуется с приведёнными И. В. Одоевцевой словами Бунина: «У него [Достоевского] ведь нет описаний природы — от бездарности»[353]. Известно, что И. А. Бунин не любил Достоевского, считал его плохим писателем. Тем не менее Г. Н. Кузнецова указала, что «восприятие Буниным Достоевского было гораздо сложнее, чем это могло показаться из его слов, и не всегда оставалось негативным»[354]. В доказательство того, что Достоевский не был врагом Бунина, В. А. Туниманов приводит слова Г. Н. Кузнецовой: «Достоевский ему неприятен, душе его чужд, но он признает его силу, сам часто говорит: конечно, замечательный русский писатель — сила! О нём уж больше разгласили, что он не любит Достоевского, чем это есть на самом деле. Все это из-за страстной его натуры и увлечения выражением»[353].

Переводы произведений Л. Н. Толстого стали известны в Европе с 1864 года — на 20 лет раньше, чем сочинения Ф. М. Достоевского. В 1908 году Андре Жид писал: «Наряду с именами Ибсена и Ницше следует называть имя не Толстого, а Достоевского, столь же великого, как он, и, может быть, наиболее значительного из трёх»[355].

Обстоятельный сравнительный литературоведческий анализ гигантов русской прозы дал марксистский критик В. Ф. Переверзев в 1912 году[356]. Показательно, что советский достоевист Г. М. Фридлендер в конце XX века продолжал сравнивать эти две вершины истории не только русской, но и всей мировой литературы, двух национальных гениев, которые «по художественной мощи, глубине и широте воспроизведения жизни сравнялись с Гомером и Шекспиром»[357].

Согласно Г. С. Померанцу Толстой и Достоевский выразили «настроения более глубинных пластов России, приносимых в заклание прогрессу»[358]. По мнению Г. С. Померанца, Тургенев и Гончаров принадлежали к либеральному крылу, кружок «Современника» — к радикальному, а Толстой и Достоевский — к руссоистскому[359] с народным отвращением к буржуазному прогрессу[360]. В своих романах Достоевский и Толстой вели поиски разгадки зла в человеческой душе, что является шагом вперёд в художественном развитии человечества[197].

Оценки творчества и влияние
Современники

Музей-квартира Достоевского. Санкт-Петербург, Кузнечный переулок, 5/2
Основная статья: Оценка творчества Достоевского современниками
Творчество Достоевского оказало большое влияние на русскую и мировую культуру. Литературное наследие писателя по-разному оценивается как на Родине, так и за рубежом. Время показало, что один из первых отзывов В. Г. Белинского оказался верным: «Его [Достоевского] талант принадлежит к разряду тех, которые постигаются и признаются не вдруг. Много, в продолжение его поприща, явится талантов, которых будут противопоставлять ему, но кончится тем, что о них забудут именно в то время, когда он достигнет апогея своей славы»[361].

Н. Н. Страхов главным отличительным творческим качеством Достоевского считал его «способность к очень широкой симпатии, умение симпатизировать жизни в очень низменных её проявлениях, проницательность, способную открывать истинно-человеческие движения в душах искаженных и подавленных, по-видимому, до конца», умение «с большой тонкостью рисовать» внутреннюю жизнь людей, при этом в главные лица у него выводятся «люди слабые, от тех или других причин больные душою, доходящие до последних пределов упадка душевных сил, до помрачения ума, до преступления». Постоянной темой его произведений Страхов называл борьбу «между тою искрою Божиею, которая может гореть в каждом человеке, и всякого рода внутренними недугами, одолевающими людей»[362].

До 1917 года
Основная статья: Оценка творчества Достоевского до 1917 года
В 1905 году редактор Русского биографического словаря А. А. Половцов писал, что несмотря на обширную литературу о Ф. М. Достоевском, всесторонняя и беспристрастная оценка его как писателя и человека затрудняется недомолвками, противоречивыми суждениями и взглядами[363].

Д. П. Мирский, некоторые (но не все) основные тезисы статьи о Достоевском которого через 50 лет использовал В. В. Набоков[К 5], «отличался разносторонней эрудицией, остротой оценок, полемической страстностью, приводившей подчас к субъективизму»[364], расценивал Достоевского очень сложной фигурой как с исторической, так и с психологической точек зрения, указывал на необходимость проведения различия «не только между разными периодами его жизни и разными линиями его мировоззрения, но и разными уровнями его личности»[298].

При жизни писателя кроме отдельных публикаций было издано два собрания сочинений: двухтомное (1860 год) и четырёхтомное (1865—70), когда лучшим произведением Достоевского считались «Записки из Мёртвого дома»[365]. Эту оценку разделяли Л. Н. Толстой и В. И. Ленин[366]. «Двойник», «Записки из подполья», «Идиот» были непонятны современникам. Позже в работе «Легенда о Великом инквизиторе» (1894) В. В. Розанов писал о «Записках из подполья» как о краеугольном камне литературной деятельности Достоевского, основной линии в его миросозерцании. Единственным критиком, понявшим идейный замысел романа «Идиот», был оппонент и идеологический противник писателя М. Е. Салтыков-Щедрин[5].

Со временем лучшим романом было признано «Преступление и наказание»[258][367]. В наиболее значительных статьях критиков-современников «русского якобинца» П. Н. Ткачёва и теоретика народничества Н. К. Михайловского сложная философская проблематика «Бесов» была обойдена молчанием, а главное внимание обращалось на антинигилистическую направленность романа[5]. Ещё до публикации «Бесов» Достоевский предвидел, что обретёт славу «ретрограда». Оценка писателя как реакционера прочно закрепилась в либеральной, революционно-демократической, народнической, а позднее в марксистской критике[368], и встречается у современных авторов. Диссонансом в марксистской критике звучали слова Розы Люксембург, которая соглашалась с оценкой Достоевского как реакционера, но при этом считала основу его творчества не реакционной[369]. После смерти писателя более высокую оценку получили «Братья Карамазовы». Д. П. Мирский писал о четырёх великих романах писателя («пятикнижие» без «Подростка»). Лишь во 2-й половине XX века пять наиболее известных романов писателя достоевисты назвали «великим пятикнижием».

Неоднозначно оценивали личность Достоевского некоторые либеральные и демократические деятели, в частности лидер либеральных народников Н. К. Михайловский[370][371]. В 1913 году Максим Горький впервые дал Достоевскому оценку «злой гений» и садо-мазохист[372][373].

В 1912 году В. Ф. Переверзев писал, что по искренности и правде, по оригинальности и новизне содержания художественная ценность произведений Достоевского является общепризнанной[374], и разделил оценки значения творчества Достоевского на три точки зрения по их лучшим представителям:

Н. К. Михайловский — персонажи Достоевского психически больные люди и дело психиатров-специалистов возиться с ними; произведения Достоевского не имеют художественной ценности.
Д. С. Мережковский — произведения Достоевского имеют пророческое, мессианское значение; герои Достоевского — провозвестники нового человечества, но мы не в состоянии понять значения произведений Достоевского.
В. Г. Белинский и Н. А. Добролюбов — герои Достоевского представляют широко распространённое общественное явление, «ставят перед нами великую общественную задачу, требуют от нас её решения и путём мысли, и путём действия»[375].
Переверзев писал: «Михайловский совсем не понял двойственного характера психики героев Достоевского. <…> Михайловский ошибочно понял характер творчества Достоевского»[376]. Н. К. Михайловский не смог оценить сложность и своеобразие творчества Достоевского, отрицал гуманизм писателя, на что обращали внимание В. Г. Белинский и Н. А. Добролюбов, не увидел в психологизме «великого сердцеведа» новаторство реализма, а «жестокий талант» считал чертой его личной психологии[377]. Двойственные оценки разделялись идеологическими противниками Достоевского — либералами, демократами, коммунистами, фрейдистами, сионистами, когда не оспаривалось мировое значение творчества писателя: «Достоевский гений, но…». После «но» следовал негативный идеологический ярлык. Такие точки зрения встречаются до настоящего времени.

Для адекватного восприятия противоречивых взаимоисключающих оценок авторитетных авторов следует принимать во внимание историческую и политическую обстановку, приверженность определённой идеологии. Например, Вл. С. Соловьёв писал, что Достоевский-пророк «верил в бесконечную силу человеческой души», а Г. М. Фридлендер приводил мнение основоположника литературы социалистического реализма М. Горького, полемизировавшего с Достоевским против его «неверия в человека, преувеличения им могущества темного, „звериного“ начала, порождаемого в человеке властью собственности»[378].

С Шекспиром Достоевского впервые сравнил историк и страстный поклонник писателя Е. В. Тарле, считавший русского писателя «величайшим художником всемирной литературы». После выступления в 1900 году в Русском Собрании в Варшаве с лекцией «Шекспир и Достоевский» Е. В. Тарле писал А. Г. Достоевской: «Достоевский открыл в человеческой душе такие пропасти и бездны, которые и для Шекспира и для Толстого остались закрытыми»[379]. По мнению теолога Роуэна Уильямса, Достоевский-романист мыслил созидая, как и Шекспир[330].

Ряд авторов (С. Н. Булгаков в докладе «Русская трагедия»[380], М. А. Волошин, Вяч. Иванов в речи, ставшей основой статьи «Основной миф в романе „Бесы“»[381], В. В. Розанов) впервые заговорили о трагичности произведений Достоевского. В 1911 году Вячеслав Иванов относительно романов Достоевского ввёл новый термин «роман-трагедия», который наряду с упомянутыми авторами использовали Д. С. Мережковский, И. Ф. Анненский, А. Л. Волынский, А. В. Луначарский, В. В. Вересаев и др[256].

Веховцы и русские религиозные философы Н. А. Бердяев[382], С. Н. Булгаков, Вл. С. Соловьёв, Г. В. Флоровский, С. Л. Франк, Лев Шестов[383] впервые обратили внимание на философскую направленность творчества Достоевского. Указанные авторы испытывали влияние идей Достоевского, в своих статьях и монографиях дали наиболее положительную оценку творчеству писателя в русской критике[384].

Отсутствие академической аргументации свойственно всем авторам, опровергающим значимость творчества Достоевского, для негативной оценки которого в XIX и начале XX столетий достаточно было упоминания тяжёлого недуга писателя, когда существовало распространённое заблуждение, что эпилептические припадки вызывают разрушение личности. Главная ошибка авторов, дающих негативную оценку творчеству Достоевского — отождествление автора с персонажами его произведений, о чём предостерегал первый биограф писателя О. Ф. Миллер.

В советскую эпоху

Достоевский не вписывался в рамки официального марксистского литературоведения, так как выступал против насильственных методов революционной борьбы, проповедовал христианство и противоборствовал атеизму. Ленин не хотел тратить время на чтение романов писателя, но после известного крылатого сравнения с «архискверным Достоевским» революционным литературоведам пришлось следовать заветам вождя. В 1920—1930 годах бывали случаи полного отрицания Достоевского[385].

Марксистско-ленинское литературоведение не могло не расценивать Достоевского как классового врага, контрреволюционера. Но творчество писателя к тому времени обрело широкую известность и получило высокую оценку на Западе. В условиях строительства пролетарской культуры революционное литературоведение вынуждено было сбросить Достоевского с корабля современности, или адаптировать его творчество к требованиям идеологии, обходя молчанием острые неудобные вопросы[386].

В 1921 году А. В. Луначарский в речи на торжестве в честь столетия со дня рождения Ф. М. Достоевского причислил его к великим писателям, к великим пророкам России: «Достоевский не только художник, а и мыслитель. <…> Достоевский — социалист. Достоевский — революционер! <…> патриот». Первый нарком просвещения РСФСР объявил о находке частей романа «Бесы», неопубликованных в прижизненных изданиях Достоевского по цензурным соображениям, и заверил: «Теперь эти главы будут напечатаны»[387]. Глава «У Тихона», кардинально меняющая восприятие образа Ставрогина и идеи романа, вышла приложением в полном собрании художественных произведений Ф. М. Достоевского в 1926 году.

В октябре 1921 года в Петрограде члены Вольфилы широко отмечали 100 лет со дня рождения Ф. М. Достоевского. На заседаниях ассоциации было прочитано 8 докладов памяти писателя (в частности В. Б. Шкловского, А. З. Штейнберга, Иванова-Разумника)[388]. Но марксистская идеология начала подчинять себе гуманитарные науки. В рамках борьбы с инакомыслием религиозные философы, ранее давшие высокую оценку творчеству Достоевского, были вынуждены покинуть страну на философских пароходах, а центр изучения творчества Достоевского переместился в Прагу.

20 ноября 1929 года А. В. Луначарский во вступительном слове на вечере, посвящённом Ф. М. Достоевскому, говорил о величайшем писателе нашей литературы и одном из величайших писателей мировой литературы, упоминал достоевщину и разделил оценку В. Ф. Переверзева[389]: Достоевский «являлся, несмотря на своё официально дворянское происхождение, представителем разночинской России, представителем мещанства. <…> Но вреден ли Достоевский? В некоторых случаях очень вреден, но это не значит, чтобы я считал, что следует запрещать его в библиотеке или на сцене»[390].

В условиях кампании по борьбе с контрреволюцией и антисемитизмом в Советском Союзе в 1920—1930-х годах «антисемит» и «контрреволюционер» Достоевский не был запрещённым писателем. Но роман «Бесы» и «Дневник писателя» издавались только в собраниях сочинений, никогда не выходили отдельными публикациями, их значение в творчестве писателя замалчивалось. Статья о Достоевском имелась в первом советском школьном учебнике по литературе издания 1935 года[391].

Имя Ф. М. Достоевского исчезло из списка изучаемых авторов во втором школьном учебнике, создававшемся в 1938—1940 годах[392]. Произведения писателя были на долгое время исключены из школьных[393][394] и даже вузовских программ по литературе[395]. Достоевский не попал в пантеон официально признанных советской властью писателей — среди барельефов (Пушкин, Толстой, Чехов, Горький, Маяковский, Шолохов; или: Пушкин, Гоголь, Толстой, Чехов, Горький, Маяковский) на зданиях советских школ его портрет отсутствует.

В 1956 году писатель был реабилитирован советским литературоведением, когда «успех Достоевского на Западе перевесил его идейные грехи против советской власти», и из его характеристики исчез ярлык «реакционер»[396]. Достоевский был включён в пантеон русской советской классики в последнем учебнике для школ издания 1969 года[397]. Поэтому слова теоретика формальной школы В. Б. Шкловского «Творчество Достоевского попало под тяжёлые валы истории, под тяжёлый нажим свинцовых букв времени» могут восприниматься не столько ко времени до победы пролетарской революции, но скорее как после неё. Позднейшие открытия советских достоевистов были отражены в исправленных и дополненных комментариях последнего 30-томного полного собрания сочинений Ф. М. Достоевского[398].

В современной России
Отечественные исследователи творчества Достоевского приняли участие в деятельности Международного Общества Достоевского с конца 1980-х годов. В 1991 году итоги достижений советской достоевистики подвёл Г. М. Фридлендер в статье «Достоевский в эпоху нового мышления»[393]. Редакция издания сборников серии «Достоевский. Материалы и исследования» предостерегает об осторожном отношении к статьям, докладам и заметкам, ссылающимся на работы Владимира Ленина, некоторые суждения которых могут выглядеть как анахронизм, что особенно может относиться к исследованиям, имеющих отношение к религиозной тематике писателя[399].


Президент Международного Общества Достоевского В. Н. Захаров писал, что в настоящее время Достоевский является одним из наиболее изучаемых и изученных писателей. Библиография исследований его творчества ежегодно пополняется выходом десятков монографий и сотнями статей во всем мире[401].

Взаимоисключающие оценки творчества Достоевского менялись с течением времени, но продолжают существовать и в наши дни. Писатель Михаил Веллер признался, что стал читать Достоевского «в 25 лет — удовольствия не получил. Чудовищно неряшлив в языке и депрессивен. Для его чтения нужна устойчивая нервная система. Поэтому в школе можно ограничиться лекцией по Достоевскому, где набросать канву — идейную, философскую, художественную — и дальше оставить школьнику на будущее»[402]. Достоевед Б. Н. Тихомиров полагает, что несмотря на то, что выход в последние десятилетия на первый план школьной программы христианской мысли романа «Преступление и наказание» «порождает свои сложности как в преподавании, так и в ученическом восприятии», предложение замены этого произведения другим не нашло поддержки — «это художественный шедевр»[403].

Публикации Достоевского по еврейскому вопросу пополнили репертуар постсоветской антисемитской литературы[404].

Оценка психоаналитиков
Зигмунд Фрейд дал высокую оценку творчеству Достоевского:

Наименее спорен он как писатель, место его в одном ряду с Шекспиром. «Братья Карамазовы» — величайший роман из всех, когда-либо написанных, а «Легенда о Великом Инквизиторе» — одно из высочайших достижений мировой литературы, переоценить которое невозможно.

— Зигмунд Фрейд. Достоевский и отцеубийство. — 1928.
В письме Стефану Цвейгу от 19 октября 1920 года Фрейд писал, что Достоевский не нуждается в психоанализе[405], поскольку психоанализ не способен исследовать проблему писательского мастерства[406]. При этом Фрейд не считал себя знатоком искусства[407]. Признав Достоевского великим писателем, основоположник психоанализа большую часть своей статьи «Достоевский и отцеубийство» (1928) посвятил рассмотрению других сторон его «богатой личности» и смог «из ограниченной информации сделать немало оригинальных и в рамках его логики убедительных выводов»[407]. Достоевский, обладая типично русской чертой — идти на сделки с собственной совестью, — был грешником и преступником[408]. Русский писатель подчинился мирским и духовным авторитетам, поклонялся царю-батюшке и христианскому Богу, пришёл к чёрствому русскому национализму. Его нравственные борения закончились бесславным итогом: «Достоевский упустил возможность стать учителем и освободителем человечества, он присоединился к его тюремщикам; будущая культура человечества окажется ему немногим обязана»[406]. Развитие данных тезисов прослеживается в работах последователей Фрейда при попытках применения психоаналитического метода в исследовании творчества Достоевского.

Работы Зигмунда Фрейда и его последователей (И. Нейфельд, Т. К. Розенталь, И. Д. Ермаков, Н. Е. Осипов) о Достоевском свидетельствуют о несостоятельности применения метода психоанализа в литературоведении[409]. Оценка творчества русского писателя психоаналитиками не выдержала академической критики[410]. В. С. Ефремов цитирует мнение достоевиста А. Л. Бёма о «буйном вторжении психоанализа в область изучения литературы»: «Предпринимаемые без специального знания данной области, эти попытки обычно приводили к дилетантизму, облеченному в форму научного знания. В большинстве случаев выводы в этих работах основаны на полном пренебрежении спецификой литературного произведения»[411]. Выводы последователей Фрейда не могут рассматриваться даже в качестве научных гипотез, поскольку при аргументации использовались устаревшие недостоверные и малодостоверные источники[412], не принимались во внимание воспоминания современников и документы, противоречившие тезисам об эдиповом комплексе, вольно трактовались авторские тексты[413]. Вступительная статья А. М. Эткинда и комментарии Е. Н. Строгановой и М. В. Строганова к работе И. Д. Ермакова о Достоевском, в которой писатель был расценён предтечей психоанализа, показали читателям и исследователям, каким не должно быть психоаналитическое литературоведение[414][415][416][417], заслужившее дружную нелюбовь филологов[418], отношение с большой долей юмора В. Ф. Ходасевича[419], резкую оценку Г. А. Мейера[420], вызывающее улыбку и активное неприятие современного читателя[419]. В статье 2012 года И. А. Есаулов проанализировал «некоторые маргинальные положения концепции Фрейда и его статьи о Достоевском», отметив, что ментальная установка на «культурное бессознательное» основателя психоанализа до сих пор свойственна постсоветскому литературоведению, а «<…> пути Достоевского и достоеведения несколько разминулись. Почти на сто лет»[421].

В. Г. Калашников обращает внимание на то, что Т. К. Розенталь, в отличие от З. Фрейда и многих других психоаналитиков, не считала «эдипов комплекс» определяющим для личности писателя[422], цитирует мнение Б. С. Мейлаха: «в России перенесение фрейдизма на почву изучения творческой личности писателя показало свою полную бесплодность»[423], основной заслугой психоанализа расценивает точную интерпретацию болезни Ф. М. Достоевского как проявлений невроза, которая долгие годы оставалась вне поля зрения исследователей, что позволяет преодолеть расхожий миф об эпилепсии великого писателя. Исследователь полагает, что «многие открытия первого психоаналитика были в неявной, художественной форме предвосхищены в творчестве гения мировой литературы»[424].

Восприятие за рубежом
Основная статья: Зарубежная оценка творчества Достоевского
В 1931 году Э. Х. Карр писал: «Достоевский оказал влияние почти на всех ведущих романистов Англии, Франции и Германии за последние 20 лет»[425].

С точки зрения Франца Кафки, Достоевский — один из четырёх, «с кем он (Кафка) ощущал духовное родство». Из «Писем к Фелиции» (письмо от 02.09.1913, перевод Рудницкого): ""Сама посуди: из четверых людей, с которыми я (не ставя себя с ними рядом ни по силе, ни по мощи охвата) чувствую кровное родство, — это Грильпарцер, Достоевский, Клейст и Флобер — один лишь Достоевский женился,.. {Соответствующее место в оригинале: «Sieh, von den vier Menschen, die ich (ohne an Kraft und Umfassung mich ihnen nahe zu stellen) als meine eigentlichen Blutsverwandten fühle, von Grillparzer, Dostojewski, Kleist und Flaubert, hat nur Dostojewski geheiratet,..»}.

В то же время на Западе, где романы Достоевского пользуются популярностью с начала XX века, его творчество оказало значительное влияние на такие в целом либерально настроенные движения, как экзистенциализм, экспрессионизм и сюрреализм. В предисловии к антологии «Экзистенциализм от Достоевского до Сартра» Вальтер Кауфман писал, что «Записки из подполья» Достоевского уже содержали предпосылки для возникновения экзистенциализма[426]. Влияние Достоевского ощутимо в творчестве многих зарубежных классиков, включая Марселя Пруста[427], Андре Жида[428][429], Альбера Камю[430][431], Жан-Поля Сартра[432] во Франции, Кнута Гамсуна[433] в Норвегии, Томаса Манна[434], Германа Гессе[435], Генриха Бёлля[436] в Германии, Уильяма Фолкнера[437], Эрнеста Хемингуэя[438] в Америке, Кобо Абэ, Кэндзабуро Оэ[439] в Японии.

Отражение в культуре и память

Музеи, памятники, мемориальные доски, нумизматика, филателия и названия в честь Фёдора Михайловича Достоевского перечислены в статье Память о Фёдоре Достоевском.

Тема «достоевщина в литературе», влияние творчества Ф. М. Достоевского на создание музыкальных опусов, оперных, театральных и балетных постановок по мотивам произведений писателя, образ Достоевского в документальных и художественных фильмах и экранизации произведений писателя представлены в статье Достоевский в культуре.

В 2019 году с помощью нейросети удалось виртуально оживить картину писателя Фёдора Достоевского. Для этого была использована технология анимирования статичного изображения, которое использует за основу маску человеческого лица с видеоряда, перенося её на изображение[440][441].

В 2021 году в Италии появился рисунок на поле в виде портрета Достоевского[442]. Его площадь составила 25 тысяч квадратных метров, длина — 250 метров.
"
2,"
Археоло́гия (др.-греч. ἀρχαῖος «древний» + λόγος «слово, учение») — историческая дисциплина, изучающая прошлое человечества по вещественным источникам[1][2]. Археологию можно считать как социальной наукой, так и отраслью гуманитарных наук[3][4]. В Европе её часто рассматривают как самостоятельную дисциплину или как область других дисциплин, в то время как в Северной Америке археология является областью антропологии[5]. Некоторые исследователи считают археологию источниковедческой дисциплиной, которая по методологической природе схожа с криминалистикой[6].


Описание
Археологи изучают историю человечества, начиная с разработки первых каменных орудий в Ломекви в Восточной Африке 3,3 миллиона лет назад и до последних десятилетий[7]. При этом археология отличается от палеонтологии, которая изучает ископаемые остатки. Она особенно важна для изучения доисторических обществ, для которых не может быть письменных документов для изучения. История первобытного общества включает в себя более 99 % человеческого прошлого, от палеолита до появления грамотности в обществах по всему миру[3]. Археология имеет различные цели, которые варьируются от понимания истории культуры до восстановления прошлого пути к документированию и объяснению изменений в человеческом обществе во времени[8].

Основной принцип археологии — любая деятельность человека оставляет следы[9].

Дисциплина включает в себя съёмки, раскопки и в конечном итоге анализ собранных данных, чтобы узнать больше о прошлом. В широком смысле, археология опирается на междисциплинарные исследования. Она основывается на антропологии, истории, этнологии, географии, геологии, лингвистики, семиотики, социологии, текстологии, физике, информатике, химии, статистике, палеоэкологии, палеографии, палеонтологии, палеозоологии и палеоботаники и др.[источник не указан 2248 дней]

Археология развивалась из антикварианизма в Европе в течение XIX века и с тех пор стала дисциплиной, практикуемой во всем мире. Археология использовалась национальными государствами для создания особых представлений о прошлом[10]. С момента своего раннего развития, были разработаны различные специфические дисциплины археологии, в том числе морская археология, феминистская археология и археоастрономия, и было разработано множество различных научных методов для помощи в археологических исследованиях. Тем не менее сегодня археологи сталкиваются со многими проблемами, такими как работа с псевдоархеологией, разграбление артефактов[11], отсутствие общественного интереса и противодействие раскопкам человеческих останков.

Значение

Раскопки захоронения лучника в Челябинской области
Вещественные источники — это орудия производства и созданные с их помощью материальные блага: постройки, оружие, украшения, посуда, произведения искусства — всё, что является результатом трудовой деятельности человека. Вещественные источники, в отличие от письменных, не содержат прямого рассказа об исторических событиях, и основанные на них исторические выводы являются результатом научной реконструкции. Значительное своеобразие вещественных источников вызвало необходимость изучения их специалистами-археологами, которые производят раскопки археологических памятников, исследуют и публикуют находки и результаты раскопок, восстанавливают по этим данным историческое прошлое человечества. Особое значение археология имеет для изучения эпох, когда не существовало ещё письменности вообще, или истории тех народов, у которых письменности не было и в позднее историческое время.

Археология необычайно расширила пространственный и временной горизонт истории. Письменность существует около 5000 лет, и весь предшествующий период истории человечества (равный, по новейшим данным, почти 2 млн лет) стал известен только благодаря развитию археологии. Да и письменные источники за первые 2 тысячи лет их существования (египетские иероглифы, линейное греческое письмо, вавилонская клинопись) были открыты для науки археологами. Археология имеет значение и для эпох, когда существовала письменность, для изучения древней и средневековой истории, так как сведения, почерпнутые из исследования вещественных источников, существенно дополняют данные письменных источников[2].

Упоминание об археологии известно ещё в Древней Греции. Платон под понятием «археология» понимал всю древность.

В эпоху Возрождения под этим термином часто понималась история Древнего Рима и Древней Греции. Нередко науке за пределами России термин «археология» употребляется как часть науки о человеке — антропология[12]. Одними из первых археологических коллекций XV века стали собрания Капитолийского музея и Римской академии. Кириак Анконский (1391 — после 1449) считается одним из основателей археологии («отец археологии»), так как собирал и зарисовывал древности во всех странах восточного Средиземноморья. В частности, сохранились сделанные им зарисовки таких памятников, как колонна Юстиниана, египетские пирамиды и Парфенон.


В XVIII веке раскопки в Геркулануме и Помпеях выявили интерес к бытовым древностям различных эпох. В XIX веке и в начале XX века было сделано множество важных археологических открытий в Средиземноморье и на Ближнем Востоке: раскопки Трои и Микен Г. Шлиманом с 1870-х годов, раскопки в начале XX века А. Эвансом Кносса на Крите и Г. Винклером столицы хеттов Хаттусы, а также многие другие.

К концу XIX века сложилась практика археологической науки, которая главным образом состояла в сборе артефактов и их тщательной классификации. При этом сходные по внешним признакам артефакты соотносились вместе, на основе сопоставлений выявлялись археологические культуры, о распространённости которых можно было судить по распространённости присваиваемых им артефактов. Но в 1960-е годы в научной среде возникло понимание того, что помимо сбора артефактов и их классификации, археология должна пытаться ответить на вопрос, почему происходили те или иные передвижения культур и их трансформации друг в друга. Подобный подход к археологии получил название «новая археология» (позже «процессуальная археология»), при этом вся предыдущая, «старая» археология стала называться культурной или культурно-исторической.

Однако, по мнению многих критиков процессуальная археология излишне опирается на естественные науки и вынуждено игнорирует важные аспекты человеческих культур, такие как символ, религия и др.[13]. При этом возникшая в 1980-е годы пост-процессуальная археология, которая была призвана разрешить эти проблемы процессуальной археологии, критикуется за недостаточную теоретическую разработанность[14].

Этапы развития археологии в России
В России с XIX века сложилось представление, сохраняющееся до настоящего времени, что археология — часть исторической науки, изучающая в основном ископаемые материалы, связанные с деятельностью человека с глубокой древности и до средневековья включительно. Указом от 13 февраля 1718 года Пётр Великий положил начало собиранию древних артефактов в России, для размещения в Кунсткамере:

…также, ежели кто найдет в земле, или в воде какия старые вещи, а именно: каменья необыкновенные, кости человеческия или скотския, рыбьи или птичьи, не такия, какия у нас ныне есть, или и такия, да зело велики или малы перед обыкновенным; также, какия старые надписи на каменьях, железе или меди, или какое старое, необыкновенное ружье, посуду и прочее все, что зело старо и необыкновенно — такожь бы приносили, за что будет довольная дача, смотря по вещи, понеже, не видав, положить нельзя цены…[15]

XVIII век — начало XIX века. Зарождение, начальный этап; начинают проводиться раскопки многих памятников.
Середина XIX века — середина 1930-х годов. Характеризуется развитием археологии как науки, созданием археологических обществ, музеев. Формирование русской археологии, сложением её основных направлений[16].
Середина 1930-х — конец 1960-х годов. Периодом «лысенковщины» в науке, попытка советского руководства утвердить коммунистические взгляды в археологии. Тем не менее, именно в этот период начинается становление региональных центров археологических исследований, осуществляются массовые крупномасштабные работы по большей части территории СССР. Монографические исследования 1950—1960-х годов в своём роде подвели итог рассматриваемого периода, став классическими исследованиями в большинстве направлений археологии и зачастую первыми опытами крупных обобщений с теоретическими выводами по самым различным периодам, культурным общностям и регионам.
Конец 1960-х годов — настоящее время. Характеризуется децентрализацией науки (распространением изучения археологии на регионы, раньше её изучали в Академических центрах, МГУ, СПбГУ, КГУ и некоторых других). Возникают кафедры в университетах Поволжья, на Урале, Сибири и на Дальнем Востоке[17][18].
Значимые события в истории археологии
1722 — Приглашённый в создающуюся Российскую Академию Наук немецкий учёный Даниил Готлиб Мессершмидт произвёл первые научные археологические раскопки на острове Тагарский в Минусинской котловине (Красноярский край)
1748 — Раскопки древнего города Помпеи
1799 — Находка Розеттского камня французскими солдатами во время наполеоновского похода в Египет
1802 — Расшифровка древнеперсидской клинописи
1820 — Греческий крестьянин обнаруживает Венеру Милосскую в поле
1824 — Расшифровка египетских иероглифов
1830 — Раскопки кургана Куль-Оба близ Керчи: начало скифской археологии
1836 — Куратор Национального музея в Копенгагене К. Томсен выступил с концепцией «системы трёх веков» (каменного, бронзового и железного), впоследствии популяризованной его учеником И. Я. Ворсо, в её развитом с тех пор виде принятая и поныне[19]
1849 — Открытие библиотеки Ашшурбанипала
1856 — Находка черепа неандертальца вблизи Дюссельдорфа
1861 — французский путешественник Анри Муо обнаружил гигантский храмовой комплекс Ангкор-Ват в джунглях Камбоджи.
1871 — Генрих Шлиман проводит раскопки Трои
1876 — Генрих Шлиман исследует Микены
1879 — Открытие пещерных рисунков в пещере Альтамира
1900 — Открытие на Крите минойской цивилизации сэром Артуром Эвансом.
1906 — Открытие Богазкёйского архива
1911 — Находка Мачу Пикчу, города древних инков
1922 — Говард Картер находит гробницу Тутанхамона
1947 — Открытие кумранских свитков
1951 — Первая находка сохранившейся берестяной грамоты
1991 — Находка почти полностью сохранившегося тела древнего человека в леднике в Австрии
1993 — Находка мумии принцессы Укока на одноимённом плоскогорье на Алтае, Россия
Работа археологов

Археологи изучают своими методами археологические источники, анализируют их и пополняют фактами и предположениями общеисторический научный багаж. Археологические исследования включают в себя как кабинетную или теоретическую часть (работа с документами и артефактами), так и полевую археологию, то есть практические исследования, к которым относится также и подводная археология.

Одним из видов раскопок являются так называемые охранные раскопки, которые в соответствии с требованиями законодательства проводят перед строительством зданий и сооружений, так как в противном случае возможно находящиеся на месте строительства археологические памятники будут утеряны безвозвратно[20].

Существует также экспериментальная археология, которая заключается в воссоздании древних технических приёмов, реконструировании орудий труда, предметов быта, оружия и изучение их производительности и других параметров. Иногда воссоздаётся даже картина всего образа жизни того или иного древнего общества.

Сам по себе каждый найденный объект невозможно рассматривать вне контекста, в отрыве места, обстановки, глубины залегания, предметов, найденных по соседству и так далее.

Чтобы установить время создания или использования предмета, используют различные методы: стратиграфический метод (учитывают, в каком слое он лежал, каждый слой почвы соответствует определённому временному периоду), сравнительно-типологический, радиоуглеродный, дендрохронологический и другие методы.

Археологи обычно специализируются на определённых регионах и исторических периодах.

История термина «археология»

Редко можно встретить профессию, более безрадостную, чем профессия полевого археолога, работающего в пустыне, среди диких скал, в полной удаленности от всякой цивилизации, в тяжелых климатических условиях, способных лишить человека всякого мужества… И они не делают из всего этого сенсаций — эти археологи. Они продолжают работать, как будто условия их труда нечто само собой разумеющееся. Ибо для них во всем мире не существует более интересной профессии, чем избранная ими. Они живут среди опасностей, с глазу на глаз с не открытой ещё тайной. Не сегодня-завтра она может быть раскрыта, и тогда мировая пресса назовет их имена.

— Цитата немецкого историка Э. Церен.
Слово «археология» (греч. ἀρχαιολογία) впервые употреблено Платоном в значении «история прошедших времён». После Платона термин «археология» употребляет знаменитый древний историк Дионисий Галикарнасский в заглавии одного из своих сочинений (Ῥωμαϊκὴ Ἀρχαιολογία). В предисловии к нему Дионисий так определяет задачи и предмет Археологии: «Я начинаю мою историю древнейшими сказаниями, которые мои предшественники пропускали, потому что им было очень трудно их отыскивать. Я веду свой рассказ до начала первой Пунической войны, которая случилась в третий год 128 олимпиады. Я рассказываю, равным образом, о всех войнах и междоусобиях, которые вёл римский народ. Я сообщаю также о всех формах государственного устройства и управления, которые государство имело при царях и по уничтожении монархии. Я привожу большое собрание нравов и обычаев и знаменитейшие законы и представляю в кратком обозрении всю старую государственную жизнь»[15].

Труд Дионисия послужил образцом для Иосифа Флавия, написавшего историю евреев под заглавием Ἰουδαϊκὴ Ἀρχαιολογία. Оба сочинения ничем не отличаются от обыкновенных исторических повествований того времени и никакого археологического материала в себе не заключают.

Современные археологи могут заимствовать у своих древних предшественников только заглавие. У римлян для обозначения древней истории явилось новое слово «Antiquitates» (Cic. Acad. I, 2: Plin. H. N. I, 19; Gell. V, 13; XI, 1). Теренций Варрон озаглавил этим новым термином своё сочинение «De rebus humanis et divinis».

Из христианских авторов «Antiquitates» употребляют в том же значении блаженный Августин (De Civit. Dei. VI. 3) и блаженный Иероним (adv. Iovin. II. 13). С XVI столетия оба выражения принимают более определённое значение и употребляются для обозначения жизни и состояния прошедших времён в противоположность истории, которая изучает деяния прошлого.

Популяризация
В России популяризацией археологии занимаются порталы АРХЭ и Антропогенез.ру, а также археологи Иван Семьян, Василий Новиков и др.

В массовом сознании
В массовом сознании современного постмодерного общества археологическая наука зачастую играет роль «поставщика сенсаций», безотносительно их научной направленности. Если археологи следуют такому медиа-ориентированному направлению представления своих результатов, они разрушают наиболее важную профессиональную задачу. В то время как человек, не владеющий специальными знаниями/компетенциями в предметной области, обычно не способен отличить подобные интерпретации от научных, особенно в тех случаях, когда интерпретации легитимируются научным аппаратом и академическими регалиями исследователя[21].
"
3,"Фи́зика (от др.-греч. φυσική — «природный» от φύσις — «природа») — область естествознания: фундаментальная наука о наиболее общих законах природы, о материи, её структуре, движении и правилах трансформации. Понятия физики и её законы лежат в основе всего естествознания[1][2]. Является точной наукой.

Термин «физика» впервые фигурирует в сочинениях одного из величайших мыслителей древности — Аристотеля (IV век до нашей эры). Первоначально термины «физика» и «философия» были синонимами, так как в основе обеих дисциплин лежало стремление объяснить законы функционирования Вселенной. Однако в результате научной революции XVI века физика развилась в самостоятельную научную отрасль.

В современном мире значение физики чрезвычайно велико. Всё то, чем отличается современное общество от общества прошлых веков, появилось в результате применения на практике физических открытий. Так, исследования в области электромагнетизма привели к появлению телефонов и позже мобильных телефонов, открытия в термодинамике позволили создать автомобиль, развитие электроники привело к появлению компьютеров. Развитие фотоники способно дать возможность создать принципиально новые — фотонные — компьютеры и другую фотонную технику, которые сменят существующую электронную технику. Развитие газодинамики привело к появлению самолётов и вертолётов.

Знания физики процессов, происходящих в природе, постоянно расширяются и углубляются. Большинство новых открытий вскоре получают технико-экономическое применение (в частности в промышленности). Однако перед исследователями постоянно встают новые загадки — обнаруживаются явления, для объяснения и понимания которых требуются новые физические теории. Несмотря на огромный объём накопленных знаний, современная физика ещё очень далека от того, чтобы объяснить все явления природы.

Общенаучные основы физических методов разрабатываются в теории познания и методологии науки.

В русский язык слово «физика» было введено М. В. Ломоносовым, издавшим первый в России учебник физики — свой перевод с немецкого языка учебника «Вольфианская экспериментальная физика» Х. Вольфа (1746)[3]. Первым оригинальным учебником физики на русском языке стал курс «Краткое начертание физики» (1810), написанный П. И. Страховым.

Предмет физики
Физика — это наука о природе (естествознание) в самом общем смысле (часть природоведения). Предмет её изучения составляет материя (в виде вещества и полей) и наиболее общие формы её движения, а также фундаментальные взаимодействия природы, управляющие движением материи.

Некоторые закономерности являются общими для всех материальных систем (например, сохранение энергии), — их называют физическими законами.

Физика тесно связана с математикой: математика предоставляет аппарат, с помощью которого физические законы могут быть точно сформулированы. Физические теории почти всегда формулируются в виде математических уравнений, причём используются более сложные разделы математики, чем обычно в других науках. И наоборот, развитие многих областей математики стимулировалось потребностями физической науки.

Научный метод
Физика — естественная наука. Источником знаний для неё является практическая деятельность: наблюдения, экспериментальное исследование явлений природы, производственная деятельность. Правильность физических знаний проверяется экспериментом, использованием научных знаний в производственной деятельности. Обобщением результатов научных наблюдений и эксперимента являются физические законы, которыми объясняются эти наблюдения и эксперименты[4]. Физика сосредоточена на изучении фундаментальных и простейших явлений и на ответах на простые вопросы: из чего состоит материя, каким образом частицы материи взаимодействуют между собой, по каким правилам и законам осуществляется движение частиц и т. д.

В основе физических исследований лежит установление фактов путём наблюдения и эксперимента. Анализ данных совокупности экспериментов позволяет выявить и сформулировать закономерность. На первых этапах исследований закономерности носят преимущественно эмпирический, феноменологический характер, — то есть явление описывается количественно с помощью определённых параметров, характерных для исследуемых тел и веществ. Полученные факты подвергаются упрощению, идеализации путём введения идеальных объектов. На основе идеализации создаются модели исследуемых объектов и явлений. Физические объекты, модели и идеальные объекты описываются на языке физических величин. Затем устанавливаются связи между явлениями природы и выражаются в форме физических законов[5]. Физические законы проверяются с помощью продуманного эксперимента, в котором явление (феномен) проявлялось бы в как можно более чистом виде и не осложнялось бы другими явлениями (феноменами). Анализируя закономерности и параметры, физики строят физические теории, которые позволяют объяснить изучаемые явления на основе представлений о строении тел и веществ и взаимодействие между их составными частями. Физические теории, в свою очередь, создают предпосылки для постановки точных экспериментов, в ходе которых в основном определяются рамки их применимости. Общие физические теории позволяют формулировать физические законы, которые считаются общими истинами, пока накопление новых экспериментальных результатов не потребует их уточнения или пересмотра.

Так, например, Стивен Грей заметил, что электричество можно передавать на довольно значительное расстояние с помощью увлажнённых нитей, и начал исследовать это явление. Георг Ом сумел выявить для него количественную закономерность, — ток в проводнике прямо пропорционален напряжению и обратно пропорционален сопротивлению проводника тока. Эта закономерность известна как закон Ома. При этом, конечно, эксперименты Ома опирались на новые источники питания и на новые способы измерять действие электрического тока, что позволило количественно охарактеризовать его. Результаты дальнейших исследований позволили абстрагироваться от формы и длины проводников тока и ввести такие феноменологические характеристики, как удельное сопротивление проводника и внутреннее сопротивление источника питания. Закон Ома и поныне основа электротехники, однако исследования также выявили и рамки его применимости — открыты элементы электрической цепи с нелинейными вольт-амперными характеристиками, а также вещества, в определённых ситуациях не имеющие никакого электрического сопротивления — сверхпроводники. После открытия заряженных микрочастиц — электронов (позже протонов и других), была сформулирована микроскопическая теория электропроводности, объясняющая зависимости сопротивления от температуры посредством рассеяния электронов на колебаниях кристаллической решётки, примесях и т. д.

Вместе с тем было бы неправильным считать, что только эмпирический подход определяет развитие физики. Многие важные открытия были совершены «на кончике пера», или экспериментальной проверкой теоретических гипотез. Например, принцип наименьшего действия Пьер Луи де Мопертюи сформулировал в 1744 году на основе общих соображений, и справедливость его невозможно установить экспериментальным путём в силу всеобщности принципа. В настоящее время классическая и квантовая механика, теория поля основаны на принципе наименьшего действия. В 1899 году Макс Планк ввёл понятия кванта электромагнитного поля, кванта действия, что также не было следствием наблюдений и экспериментов, а чисто теоретической гипотезой. В 1905 году Альберт Эйнштейн опубликовал работу по специальной теории относительности, построенную дедуктивным путём из самых общих физических и геометрических соображений. Анри Пуанкаре — математик, прекрасно разбиравшийся в научных методах физики, — писал, что ни феноменологический, ни умозрительный подход по отдельности не описывают и не могут описывать физическую науку[6].

Количественный характер физики
Физика — количественная наука. Физический эксперимент опирается на измерения, то есть сравнение характеристик исследуемых явлений с определёнными эталонами. С этой целью физика развила совокупность физических единиц и измерительных приборов. Отдельные физические единицы объединяются в системы физических единиц. Так, на современном этапе развития науки стандартом является Международная система единиц (СИ), но большинство теоретиков по-прежнему предпочитает пользоваться Гауссовой системой единиц (СГС).

Количественные зависимости, полученные экспериментальным путём, обрабатываются математическими методами, что в свою очередь даёт возможность строить математические модели изучаемых явлений.

С изменением представлений о природе тех или иных явлений меняются также физические единицы, в которых измеряются физические величины. Так, например, для измерения температуры сначала были предложены произвольные температурные шкалы, которые делили промежуток температур между характерными явлениями (например, замерзанием и кипением воды) на определённое количество меньших промежутков, которые получили название градусов температуры. Для измерения количества теплоты была введена единица — калория, которая определяла количество теплоты, необходимой для нагрева грамма воды на один градус. Однако со временем физики установили соответствие между механической и тепловой формой энергии. Таким образом, оказалось, что предложенная ранее единица количества теплоты, калория, является излишней, как и единица измерения температуры. И количество теплоты, и температуру можно измерять в единицах механической энергии. В современную эпоху калория и градус не вышли из практического употребления, но между этими величинами и единицей энергии Джоулем существует точное числовое соотношение. Градус, как единица измерения температуры входит в систему СИ, а коэффициент перехода от температурной к энергетическим величинам — постоянная Больцмана — считается физической постоянной.

История физики

В разделе не хватает ссылок на источники (см. рекомендации по поиску).
Информация должна быть проверяема, иначе она может быть удалена. Вы можете отредактировать статью, добавив ссылки на авторитетные источники в виде сносок. (9 мая 2022)
Физика — это наука о материи, её свойствах и движении. Она является одной из наиболее древних научных дисциплин[7].

Люди пытались понять свойства материи с древнейших времён: почему тела падают на землю, почему разные вещества имеют различные свойства и т. д. Интересовали людей также вопросы о строении мира, о природе Солнца и Луны. Сначала ответы на эти вопросы пытались искать в философии. В основном философские теории, которые пытались дать ответы на такие вопросы, не проверялись на практике. Однако, несмотря на то, что нередко философские теории неправильно описывали наблюдения, ещё в древние времена человечество добилось значительных успехов в астрономии, а великий греческий учёный Архимед даже сумел дать точные количественные формулировки многих законов механики и гидростатики.

Некоторые теории древних мыслителей, как, например, идеи об атомах, которые были сформулированы в древних Греции и Индии, опережали время. Постепенно от общей философии начало отделяться естествознание, важнейшей составной частью которого стала физика. Уже Аристотель использовал название «Физика» в заголовке одного из основных своих трактатов[8]. Физика Аристотеля имела ряд неправильных утверждений и длительное время препятствовала прогрессу в изучении природы[1].

Период до научной революции

Основной способ работы камеры-обскуры
Рисунок Ибн ал-Хайсама (Альхазена)
Ибн ал-Хайсам (около 965 — около 1040), пионер оптики
Свойство человечества сомневаться и пересматривать положения, которые раньше считались единственно истинными, в поисках ответов на новые вопросы в итоге привело к эпохе великих научных открытий, которую сегодня называют научной революцией, начавшейся в середине XVI века. Предпосылки к этим коренным изменениям сложились благодаря достоянию древних мыслителей, наследие которых можно проследить до Индии и Персии. Персидский учёный Насир ад-Дин ат-Туси указал на значительные недостатки птолемеевской системы.

Средневековая Европа на какое-то время потеряла знания античных времён, но под влиянием Арабского халифата сохранённые арабами сочинения Аристотеля вернулись. В XII—XIII веках нашли свой путь в Европу также произведения индийских и персидских учёных. В Средние века начал складываться научный метод, в котором основная роль отводилась экспериментам и математическому описанию. Ибн ал-Хайсам (Альхазен) в своей «Книге об оптике», написанной в 1021 году, описывал эксперименты, подтверждающие его теорию зрения, согласно которой глаз воспринимает свет, излучаемый другими объектами, а не сам глаз излучает свет, как считали раньше Евклид и Птолемей. В экспериментах Ибн ал-Хайсама использовалась камера-обскура. С помощью этого прибора он проверял свои гипотезы относительно свойств света: или свет распространяется по прямой, или смешиваются в воздухе различные лучи света[9].

Научная революция

Исаак Ньютон (1643—1727), чьи законы движения и всемирного тяготения были основными вехами в классической физике
Период научной революции характеризуется утверждением научного метода исследований, вычленением физики из массы натурфилософии в отдельную область и развитием отдельных разделов физики: механики, оптики, термодинамики и т. д.[10]

Большинство историков придерживаются мнения о том, что научная революция началась в 1543 году, когда Николаю Копернику привезли из Нюрнберга впервые напечатанный экземпляр его книги «О вращении небесных сфер».

После этого в течение примерно ста лет человечество обогатилось работами таких исследователей, как Галилео Галилей, Христиан Гюйгенс, Иоганн Кеплер, Блез Паскаль и др.[11] Галилей первым начал последовательно применять научный метод, проводя эксперименты, чтобы подтвердить свои предположения и теории. Он сформулировал некоторые законы динамики и кинематики, в частности закон инерции, и проверил их опытным путём. В 1687 году Исаак Ньютон опубликовал книгу «Principia», в которой в подробностях описал две основополагающие физические теории: законы движения тел, известные как законы Ньютона, и законы тяготения. Обе теории прекрасно согласовывались с экспериментом. Книга также приводила теории движения жидкостей[12]. Впоследствии классическая механика была переформулирована и расширена Леонардом Эйлером, Жозефом Луи Лагранжем, Уильямом Роуэном Гамильтоном и другими[13]. Законы гравитации заложили основу тому, что позже стало астрофизикой, которая использует физические теории для описания и объяснения астрономических наблюдений.

В России первым значительный вклад в развитие физической минералогии, математической физики, биофизики и астрономии в разделе изучения полярных сияний и физики «хвостов» комет внёс Михаил Ломоносов[13]. Среди его наиболее значимых научных достижений в области физики — атомно-корпускулярная теория строения вещества и материи. Работы Ломоносова и его соратника Г. В. Рихмана внесли важный вклад в понимание электрической природы грозовых разрядов. Ломоносов не только провёл блестящее многолетнее исследование атмосферного электричества и установил ряд эмпирических закономерностей грозовых явлений, но и в работе «Слово о явлениях воздушных, от электрической силы происходящих» (1753) объяснил причину возникновения электричества в грозовых облаках конвекцией тёплого воздуха (у поверхности Земли) и холодного воздуха (в верхних слоях атмосферы). Ломоносов разработал теорию света и выдвинул трёхкомпонентную теорию цвета, с помощью которой объяснил физиологические механизмы цветовых явлений. По мысли Ломоносова, цвета вызываются действием трёх родов эфира и трёх видов цветоощущающей материи, составляющей дно глаза. Теория цвета и цветового зрения, с которой Ломоносов выступил в 1756 году, выдержала проверку временем и заняла должное место в истории физической оптики.

После установления законов механики Ньютоном следующим исследовательским полем стало электричество. Основы создания теории электричества заложили наблюдения и опыты таких учёных XVII и XVIII веков, как Роберт Бойль, Стивен Грей, Бенджамин Франклин[13]. Сложились основные понятия — электрический заряд и электрический ток. В 1831 году английский физик Майкл Фарадей показал связь электричества и магнетизма, продемонстрировав, что движущийся магнит индуцирует в электрической цепи ток. Опираясь на эту концепцию, Джеймс Клерк Максвелл построил теорию электромагнитного поля. Из системы уравнений Максвелла следовало существование электромагнитных волн, распространяющихся со скоростью света. Экспериментальное подтверждение этому нашёл Генрих Герц, открыв радиоволны[14].

С построением теории электромагнитного поля и электромагнитных волн, победой волновой теории света, основанной Гюйгенсом, над корпускулярной теорией Ньютона, завершилось построение классической оптики. На этом пути оптика обогатилась пониманием дифракции и интерференции света, достигнутым благодаря трудам Огюстена Френеля и Томаса Юнга.

В XVIII и начале XIX века были открыты основные законы поведения газов, а работы Сади Карно по теории тепловых машин открыли новый этап в становлении термодинамики. В XIX веке Юлиус Майер и Джеймс Джоуль установили эквивалентность механической и тепловой энергий, что привело к расширенной формулировке закона сохранения энергии (первый закон термодинамики)[15]. Благодаря Рудольфу Клаузиусу был сформулирован второй закон термодинамики и введено понятие энтропии. Позже Джозайя Уиллард Гиббс заложил основы статистической физики, а Людвиг Больцман предложил статистическую интерпретацию понятия энтропии[16].

К концу XIX века физики подошли к значительному открытию — экспериментальному подтверждению существования атома. В это время существенно изменилась и роль физики в обществе. Возникновение новой техники (электричество, радио, автомобиль и т. д.) требовало большого объёма прикладных исследований. Занятия наукой стало профессией. Фирма General Electric первой открыла собственные исследовательские лаборатории; такие же лаборатории стали появляться в других фирмах.

Смена парадигм
Конец девятнадцатого, начало двадцатого века был временем, когда под давлением новых экспериментальных данных физикам пришлось пересмотреть старые теории и заменить их новыми, заглядывая всё глубже в строение материи. Эксперимент Майкельсона — Морли выбил основу из-под ног классических представлений об электромагнетизме, поставив под сомнение существование эфира. Были открыты новые явления, такие как рентгеновские лучи и радиоактивность. Не успели физики доказать существование атома, как появились доказательства существования электрона, эксперименты с фотоэффектом и изучение спектра теплового излучения давали результаты, которые невозможно было объяснить, исходя из принципов классической физики. В прессе этот период назывался кризисом физики, но одновременно он стал периодом триумфа физики, сумевшей выработать новые революционные теории, которые не только объяснили непонятные явления, но и многие другие, открыв путь к новому пониманию природы.


Альберт Эйнштейн (1879—1955), чья работа над фотоэффектом и теорией относительности привела к революции в физике XX века
В 1905 году Альберт Эйнштейн построил специальную теорию относительности, которая продемонстрировала, что понятие эфира не требуется при объяснении электромагнитных явлений. При этом пришлось изменить классическую механику Ньютона, дав ей новую формулировку, справедливую при больших скоростях. Коренным образом изменились также представления о природе пространства и времени[17]. Эйнштейн развил свою теорию в общую теорию относительности, опубликованную в 1916 году. Новая теория включала в себя описание гравитационных явлений и открыла путь к становлению космологии — науки об эволюции Вселенной[18].

Рассматривая задачу о тепловом излучении абсолютно чёрного тела, Макс Планк в 1900 году предложил невероятную идею, что электромагнитные волны излучаются порциями, энергия которых пропорциональна частоте. Эти порции получили название квантов, а сама идея начала построение новой физической теории — квантовой механики, которая ещё больше изменила классическую ньютоновскую механику, на этот раз при очень малых размерах физической системы. В том же 1905 году Альберт Эйнштейн применил идею Планка для успешного объяснения экспериментов с фотоэффектом, предположив, что электромагнитные волны не только излучаются, но и поглощаются квантами. Корпускулярная теория света, которая, казалось, потерпела сокрушительное поражение в борьбе с волновой теорией, вновь получила поддержку.

Спор между корпускулярной и волновой теорией нашёл своё решение в корпускулярно-волновом дуализме, гипотезе, сформулированной Луи де Бройлем. По этой гипотезе не только квант света, но и любая другая частица проявляет одновременно свойства, присущие как корпускулам, так и волнам. Гипотеза Луи де Бройля подтвердилась в экспериментах с дифракцией электронов.

В 1911 году Эрнест Резерфорд предложил планетарную теорию атома, а в 1913 году Нильс Бор построил модель атома, в которой постулировал квантовый характер движения электронов. Благодаря работам Вернера Гайзенберга, Эрвина Шрёдингера, Вольфганга Паули, Поля Дирака и многих других квантовая механика нашла свою точную математическую формулировку, подтверждённую многочисленными экспериментами. В 1927 году была создана копенгагенская интерпретация, которая открывала путь для понимания законов квантового движения на качественном уровне[19][20].

Физика современности

Зелёный (520 нм), синий (445 нм) и красный (635 нм) лазеры
С открытием радиоактивности Анри Беккерелем началось развитие ядерной физики, которая привела к появлению новых источников энергии: атомной энергии и энергии ядерного синтеза. Открытые при исследованиях ядерных реакций новые частицы: нейтрон, протон, нейтрино, дали начало физике элементарных частиц[21]. Эти новые открытия на субатомном уровне оказались очень важными для физики на уровне Вселенной и позволили сформулировать теорию её эволюции — теорию Большого взрыва.

Сложилось окончательное разделение труда между физиками-теоретиками и физиками-экспериментаторами. Энрико Ферми был, пожалуй, последним выдающимся физиком, успешным как в теории, так и в экспериментальной работе.

Передний край физики переместился в область исследования фундаментальных законов, ставя перед собой цель создать теорию, которая объясняла бы Вселенную, объединив теории фундаментальных взаимодействий. На этом пути физика получила частичные успехи в виде теории электрослабого взаимодействия и теории кварков, обобщённой в так называемой Стандартной модели. Однако квантовая теория гравитации до сих пор не построена.

Начиная с создания квантовой механики, быстрыми темпами развивается физика твёрдого тела, открытия которой привели к возникновению и развитию электроники, а с ней и информатики, которые внесли коренные изменения в культуру человеческого общества.

Теоретическая и экспериментальная физика



Магнит, парящий над сверхпроводником — пример эффекта Мейснера
В основе своей физика — экспериментальная наука: все её законы и теории основываются и опираются на опытные данные. Однако зачастую именно новые теории являются причиной проведения экспериментов и, как результат, лежат в основе новых открытий. Поэтому принято различать экспериментальную и теоретическую физику.

Экспериментальная физика исследует явления природы в заранее подготовленных условиях. В её задачи входит обнаружение ранее неизвестных явлений, подтверждение или опровержение физических теорий, уточнение значений физических констант. Многие достижения в физике были сделаны благодаря экспериментальному обнаружению явлений, не описываемых существующими теориями. Например, экспериментальное изучение фотоэффекта послужило одной из посылок к созданию квантовой механики (хотя рождением квантовой механики считается появление гипотезы Планка, выдвинутой им для разрешения ультрафиолетовой катастрофы — парадокса классической теоретической физики излучения).

В задачи теоретической физики входит формулирование общих законов природы и объяснение на основе этих законов различных явлений, а также предсказание до сих пор неизвестных явлений. Верность любой физической теории проверяется экспериментально: если результаты эксперимента совпадают с предсказаниями теории, она считается адекватной (достаточно точно описывающей данное явление).

При изучении любого явления экспериментальные и теоретические аспекты одинаково важны.

Прикладная физика

Винт Архимеда — пример простейшего механизма
От своего зарождения физика всегда имела большое прикладное значение и развивалась вместе с машинами и механизмами, которые человечество использовало для своих нужд. Физика широко используется в инженерных науках. Немало физиков были одновременно изобретателями и, наоборот. Механика, как часть физики, тесно связана с теоретической механикой и сопротивлением материалов, как инженерными науками. Термодинамика связана с теплотехникой и конструированием тепловых двигателей. Электричество связано с электротехникой и электроникой, для становления и развития которой очень важны исследования в области физики твёрдого тела. Достижения ядерной физики обусловили появление ядерной энергетики и тому подобное.

Физика также имеет широкие междисциплинарные связи. На границе физики, химии и инженерных наук возникла и быстро развивается такая отрасль науки, как материаловедение. Методы и инструменты используются химией, что привело к становлению двух направлений исследований: физической химии и химической физики. Всё мощнее становится биофизика — область исследований на границе между биологией и физикой, в которой биологические процессы изучаются исходя из атомарной структуры органических веществ. Геофизика изучает физическую природу геологических явлений. Медицина использует методы, такие как рентгеновские и ультразвуковые исследования, ядерный магнитный резонанс — для диагностики, лазеры — для лечения болезней глаз, ядерное облучение — в онкологии, и тому подобное.

Основные теории
Хотя физика имеет дело с разнообразными системами, некоторые физические теории применимы в больших областях физики. Такие теории считаются в целом верными при дополнительных ограничениях. Например, классическая механика верна, если размеры исследуемых объектов намного больше размеров атомов, скорости существенно меньше скорости света, и гравитационные силы малы. Эти теории всё ещё активно исследуются; например, такой аспект классической механики, как теория хаоса, был открыт только в XX веке. Они составляют основу для всех физических исследований. В рамках этих теорий М. В. Ломоносов объяснил причины агрегатных состояний веществ (твёрдое, жидкое и газообразное состояния) и разработал теорию теплоты.
"
4,"
Плато́н (др.-греч. Πλάτων; 428/427 или 424/423 — 348/347 до н. э.) — афинский философ классического периода Древней Греции, основатель платонической школы мысли и Академии, первого высшего учебного заведения в западном мире.

Он считается одним из самых важных и влиятельных людей в истории человечества[1], и ключевой фигурой в истории древнегреческой и западной философии — вместе со своим учителем Сократом и самым известным из своих учеников Аристотелем[~ 1]. Часто Платона также называют одним из основателей западной религии и духовности[2]. Так называемый неоплатонизм философов, таких как Плотин и Порфирий, сильно повлиял на христианство через таких отцов церкви как Августин. Альфред Норт Уайтхед однажды заметил: «Наиболее правдоподобная общая характеристика европейской философской традиции состоит в том, что она представляет собой серию примечаний к Платону»[3].

Платон был новатором письменного диалога и диалектических форм в философии. К тому же он считается основателем западной политической философии. Его самый известный вклад — теория идей, познаваемых умозрением, в которой Платон представляет решение проблемы универсалий, известное как платонизм (также неоднозначно называемый либо платоновским реализмом, либо платоновским идеализмом). Он также является эпонимом платонической любви и платоновых тел.

Обычно считается, что наиболее решающее философское влияние на него оказали, наряду с Сократом, досократики Пифагор, Гераклит и Парменид, — хотя до наших дней сохранилось мало работ его предшественников, и многое из того, что мы знаем об этих фигурах сегодня, получено от самого Платона[~ 2]. В отличие от работ почти всех его современников, все работы Платона, как полагают, сохранились нетронутыми[прояснить] более 2400 лет[4]. Хотя их популярность колеблется, произведения Платона постоянно читаются и изучаются[5].




Точная дата рождения Платона неизвестна. Следуя античным источникам, большинство исследователей полагают, что Платон родился в 427 году до н. э. в Афинах или Эгине в разгар Пелопоннесской войны между Афинами и Спартой. По античной традиции днём его рождения считается 7 таргелиона (21 мая), праздничный день, в который, по мифологическому преданию, на острове Делос родился бог Аполлон.

Согласно Диогену Лаэртскому, настоящее имя Платона — Аристокл (др.-греч. Ἀριστοκλῆς; буквально, «наилучшая слава»)[6]. Прозвище Платон (от греческого слова «πλατύς» — широта), означающее «широкий, широкоплечий», ему дал борец Аристон из Аргоса, его учитель гимнастики, за крепкое сложение Платона. Это прозвище тем более органично, что по утверждению Олимпиодора Платон был олимпийским чемпионом по панкратиону.

Некоторые полагают, что он так прозван за широту своего слова, а Неанф — что за широкий лоб[7]. Напротив, существуют исследования, показывающие, что легенда о его имени «Аристокл» возникла в период эллинизма[8].

Платон родился в семье, имевшей аристократическое происхождение: род его отца, Аристона (465—424), восходил, согласно легендам, к последнему царю Аттики Кодру, а предком матери, Периктионы, был афинский реформатор Солон. Согласно Диогену Лаэртскому, Платон был зачат непорочно.

Периктиона была сестрой Хармида и Крития, двух известных фигур из числа Тридцати тиранов недолговечного олигархического режима, последовавшего за развалом Афин в конце Пелопоннесской войны[9]. Она была писательницей, известны её труды «О гармонии в женщине» и «О мудрости». Помимо Платона у Аристона и Периктионы было ещё трое детей: два сына — Адеймант и Главкон, и дочь Потона, мать Спевсиппа[9]. Согласно тексту «Государства», Адеймант и Главкон были старше Платона[10]. Однако Ксенофонт в своих «Меморабилиях» сообщает, что Главкон был младше Платона[11].

Первым учителем Платона был Кратил. Около 408 года до н. э. Платон познакомился с «мудрейшим из эллинов» Сократом. Он стал одним из его учеников философии; до этого он изучал стихотворчество. Сократ является неизменным участником практически всех сочинений Платона, написанных в форме диалогов между историческими и иногда вымышленными персонажами. Во время суда над Сократом, Платон был в числе его учеников, предложивших за него денежный залог. После приговора Платон заболел и не присутствовал при последней беседе в темнице[6].

После смерти Сократа в 399 г. до н. э. Платон с некоторыми другими учениками переселяется в Мегару, к предыдущему ученику Сократа, Евклиду[12]. Там Платон отдаётся диалектическим вопросам об основах бытия и познания[6]. Из Мегары, по всей вероятности, он предпринимает свои первые путешествия, среди которых более достоверны поездки в Кирену к математику Феодору и в Египет, предполагаемый очаг всякой мудрости. Есть указания на возвращение его в Афины в 394 году. В 389 году Платон отправился в Южную Италию и Сицилию, где общался с пифагорейцами. «Платон отправлялся впоследствии в Сицилию, чтобы с помощью Дионисия Сиракузского основать там идеальное государство, в котором философы вместо чаши с ядом получали бы бразды правления»[13]. Сначала Платон был принят радушно, но вскоре отношение к нему изменилось, и его с позором изгоняют, а по некоторым сведениям даже продают в рабство (в период между 404—399 г. до н. э.[14]), из которого он освобождается. В 387 или 386 году Платон возвращается в Афины, где начинает собирать вокруг себя кружок учеников, с которыми беседует о философии в пригородном публичном саду (примерно в километре от Афин), и устанавливает Академию[6].

В 367 или 366 г. до н. э., после смерти Дионисия Старшего, его сын и преемник Дионисий Младший под влиянием своего дяди Диона (с которым Платон подружился ещё в первое своё посещение Сиракуз в Сицилии) приглашает философа, обещая стать его верным учеником. Сначала мечта Платона о юном тиране, управляющем обществом под руководством истинного философа, как будто сбывается. Но скоро Дионисию надоедает философское наблюдение; после своего разрыва с Дионом он начинает негативно относиться к Платону и выгоняет его[6]. В 361 году через пифагорейца Архита, Дионисий Младший снова призывает Платона, обещая ему помириться с Дионом, и снова его обманывает, так что 70-летний Платон принуждён бежать из Сиракуз[6]. Предполагается, что Аристотель вошёл в Академию до возвращения Платона.

По древним преданиям, Платон умер в день своего рождения в возрасте 81 года в 347 году до н. э. (13-й год правления македонского царя Филиппа). Его похоронили в саду Академии возле Мусейона. Считается, что он был погребён под именем Аристокл. В 2024 году благодаря частичной расшифровки одного из папирусов Геркуланумской библиотеки, авторство которого как считается принадлежит Филодему, выяснилось что, Платон был похоронен в саду своей академии в Афинах, рядом с мусейоном или сацеллумом, небольшим храмом посвящённым музам[15][16][17][18]. Также в папирусе говорится, о последней ночи Платона, где сообщается, что несмотря на то, что Платон страдал от лихорадки, он критиковал за плохую игру флейтистку-варварку рабыню из Фракии. Эта информация говорит нам о двух вещах. Во-первых, что он был полностью греком, потому что, по их мнению, у варваров не было чувства ритма. И, во-вторых, что он был в ясном уме до последних часов своей жизни[19][20].

Произведения
Платоновский корпус (Corpus Platonicum) — то есть исторически сложившаяся совокупность сочинений, которые со времён античности связываются с именем Платона и значительная часть которых представляет собой диалоги, — формировался на протяжении долгого времени. Вероятно, на протяжении долгого процесса формирования классического «собрания сочинений» философа случались как потери, так и приобретения, определявшиеся в известные моменты не только состоянием рукописной традиции, но и уровнем и направлением современной ему филологической критики.

Издание Аристофана Византийского
Первой важной вехой на пути формирования корпуса можно считать собрание платоновских сочинений, составленное в III веке до нашей эры выдающимся филологом античности Аристофаном Византийским. Уже к этому времени под именем Платона ходили сочинения разного объёма и качества, часть которых была отклонена Аристофаном, тогда как ещё некоторая часть была помещена в собрании, правда, в качестве сомнительных или, при всех достоинствах, недостоверно платоновских произведений. Основу издания составили те сочинения, которые и сегодня определяют лицо Платоновского корпуса.

Аристофан Византийский положил, вероятно, начало систематизации сочинений Платоновского корпуса, поскольку в его издании они располагались трилогиями. Так, в одной трилогии объединялись «Государство», «Тимей» и «Критий», в другой — «Законы», «Минос» и «Послезаконие», в третьей — «Критон», «Федон» и «Письма», что свидетельствует о тематическом принципе классификации сочинений, весьма далёких друг от друга по объёму, структуре и по художественному уровню. Сочинения, которым не находилось тематических аналогов, в трилогии не включались и располагались беспорядочно.

Издание Трасилла
Следующий важный этап истории Платоновского корпуса связан с деятельностью пифагорейца Трасилла Александрийского[21] (I в. н. э.), придворного астролога императора Тиберия.

Это издание было разбито на девять тетралогий: 34 диалога, защитительная речь Сократа и 13 писем. Именно это издание было и остаётся основным для историков философии.

В этом издании диалоги приведены в следующем порядке:

I. «Евтифрон», «Апология Сократа», «Критон», «Федон».

II. «Кратил», «Теэтет», «Софист», «Политик».

III. «Парменид», «Филеб», «Пир», «Федр».

IV. «Алкивиад I», «Алкивиад II», «Гиппарх», «Соперники».

V. «Феаг», «Хармид», «Лахет», «Лисид».

VI. «Евтидем», «Протагор», «Горгий», «Менон».

VII. «Гиппий Больший», «Гиппий Меньший», «Ион», «Менексен».

VIII. «Клитофонт», «Государство», «Тимей», «Критий».

IX. «Минос», «Законы», «Послезаконие», «Письма».

Сочинения, приписываемые Платону
Несколько небольших произведений, приписываемых Платону, ещё в античности вызывали сомнения в их подлинности. К таковым обычно относят:

Определения
О справедливом
О добродетели
Демодок
Сизиф
Эриксий
Аксиох
Алкиона
Различные античные авторы (например, Диоген Лаэртский III 62) упоминают названия не дошедших до нас диалогов Платона. У Афинея (XI 506) упоминается диалог «Кимон».

Существуют также приписываемые Платону письма, не входящие в трасилловский корпус. Кроме того, Платону приписываются 32 эпиграммы.

Рецепция Платона в Риме и в Средневековье
Одним из самых известных пропагандистов платонизма в Древнем Риме был Цицерон, который перевёл «Протагора» и «Тимея» (переводы сохранились лишь во фрагментах) и написал нечто вроде адаптированного варианта «Государства» (De republica VI).

Издание Марсилио Фичино
Первым полным изданием Платона в Западной Европе стал латинский перевод Марсилио Фичино (1483—1484 гг), который впервые явил западному миру творчество Платона в целом. Первое издание греческого текста Платона вышло в свет лишь тридцать лет спустя в Венеции, у Альда Мануция.

Издание Анри Этьенна (Стафановское издание)
В 1578 г. вышел из печати греческий текст платоновского корпуса в сопровождении латинского перевода Жана де Серра (Serranus) гуманиста Анри Этьенна, выдающегося французского филолога-эллиниста XVI века. Пагинация греческого текста в издании Этьенна (две колонки, разделённые с помощью индексов а, b, с, d, е) сохраняется на полях любого новейшего издания сочинений Платона, как по-гречески, так и в переводах.

Современная хронология
Согласно А. Ф. Лосеву[22], творчество Платона можно разделить на четыре периода. Авторство «Иона», «Гиппия большого», «Менексена», а также «Послезакония» спорно.

Ранний период (приблизительно 90-е гг. IV века до н. э.)
«Апология Сократа»
«Критон»
«Евтифрон»
«Лахет»
«Лисид»
«Хармид»
«Протагор»
1-я книга «Государства»
Переходный период (80-е гг.)
«Горгий»
«Менон»
«Эвтидем»
«Кратил»
«Гиппий меньший»
«Ион»
«Гиппий больший»
«Менексен»
Зрелый период (70—60-е гг.)
«Федон»
«Пир»
«Федр»
II—X книги «Государства» (учение об идеях)
«Теэтет»
«Парменид»
«Софист»
«Политик»
«Филеб»
«Тимей»
«Критий»
Поздний период
«Законы» (50-е гг.)
Послезаконие (редактор и вероятный автор — Филипп Опунтский)
Онтология Платона
Основные положения онтологии Платона
Принято считать, что Платон является одним из основателей идеалистического направления в мировой философии. Во многих сочинениях философа проводится мысль о том, что бытием в подлинном смысле слова можно назвать только абсолютные сущности, сохраняющие своё бытие безотносительно пространства и времени. Такие абсолютные сущности называются в сочинениях Платона идеями, или эйдосами. В диалоге Платона «Тимей» главный рассказчик приходит к положению, согласно которому решение онтологического вопроса всецело зависит от того, как мы решаем вопросы теории познания. Если мы соглашаемся с тем, что истинное познание касается только вечного и неизменного бытия, а касательно изменяющегося и временного не может быть истинного знания, но только лишь мнение, то следует признать автономное существование идей.

Теория идей Платона
Запрос «Теория идей» перенаправляется сюда. На эту тему нужно создать отдельную статью.
В диалоге «Тимей» Платон вкладывает в уста рассказчику следующие выводы из признания неподвижного бытия истинным объектом познания. Следует признать наличие трёх родов сущего — вечных идей, изменяющихся конкретных вещей и пространства, в котором существуют вещи:

Во-первых, есть тождественная идея, нерожденная и негибнущая, ничего не воспринимающая в себя откуда бы то ни было и сама ни во что не входящая, незримая и никак иначе не ощущаемая, но отданная на попечение мысли. Во-вторых, есть нечто подобное этой идее и носящее то же имя — ощутимое, рождённое, вечно движущееся, возникающее в некоем месте и вновь из него исчезающее, и оно воспринимается посредством мнения, соединенного с ощущением. В-третьих, есть ещё один род, а именно пространство: оно вечно, не приемлет разрушения, дарует обитель всему роду, но само воспринимается вне ощущения, посредством некоего незаконного умозаключения, и поверить в него почти невозможно[23].

Проблемы, связанные с теорией идей
Среди исследователей существуют противоречивые суждения насчёт того статуса, который Платон приписывает идеям. Очевидно, что под идеями Платон понимает не просто понятие о вещи, но причину и цель её существования. В диалоге «Парменид» Платон критикует кардинальное противопоставление «мира идей» и «мира вещей». В этом диалоге персонаж, призванный изображать исторически существовавшего философа Парменида, берётся доказать нелепость утверждения о том, что идеи существуют отдельно от вещей. Во многих моментах проводимая Платоном критика дуализма вещей и идей повторяется в более поздних сочинениях Аристотеля.

Итог «Парменида» свидетельствует о том, что вопрос о существовании идеи есть вопрос о существовании единого вообще. Если единое существует, оно не может оставаться единым в строгом смысле этого слова. Исследователь Платона Татьяна Вадимовна Васильева говорит об этой проблеме следующее: «единое может оставаться единым, и только единым, одним-единственным единым, лишь до тех пор, пока оно не существует. Как только единое становится существующим единым, оно перестаёт быть только единым и становится многим. Здесь есть противоречие, но это противоречие самого бытия. Отвергает ли этот вывод отдельное существование идей? При монистической системе отвергает, при дуалистической нет»[24].

Идея Блага
В диалоге «Государство» даётся концепция об идее блага как высшем объекте познания. Само слово «благо» (τὸ ἀγαθόν) означает не просто нечто, оцениваемое этически положительно, но и онтологическое совершенство, например, добротность конкретной вещи, её полезность и высокое качество. Благо нельзя определять как удовольствие, потому что приходится признать, что бывают дурные удовольствия. Благом нельзя назвать то, что только приносит нам пользу, потому что это же самое может нанести вред другому. Благо Платона — это «благо само по себе» (αὐτὸ ἀγαθόν).

Платон уподобляет идею блага Солнцу. В видимом мире Солнце является необходимым условием как того, что объекты становятся доступными зрению, так и того, что человек получает способность видеть предметы. Ровно так же в сфере чистого познания идея блага становится необходимым условием как познаваемости самих идей, так и способности человека познавать идеи. Как это резюмируется Сократом в диалоге «Государство»: «что придаёт познаваемым вещам истинность, а человека наделяет способностью познавать, это ты и считай идеей блага — причиной знания и познаваемости истины»[25].

Учение о душе
Дуализм души и тела
В философии Платона имеются признаки дуализма. Платон часто противопоставляет душу и тело как две разнородные сущности. Тело — разложимо и смертно, а душа — вечна. Согласно учению, изложенному в диалоге «Государство», в отличие от тела, которое можно погубить, душе ничто не может помешать существовать вечно. Если мы согласимся, что вред душе наносит порок и нечестие, то даже и в этом случае остаётся признать, что порок не приводит душу к смерти, а просто извращает её и делает её нечестивой. То, что неспособно погибнуть ни от какого зла, можно считать бессмертным: «раз что-то не гибнет ни от одного из этих зол — ни от собственного, ни от постороннего, то ясно, что это непременно должно быть чем-то вечно существующим, а раз оно вечно существует, оно бессмертно»[26].

Три части души
В своём диалоге «Федр» он даёт знаменитый образ колесницы души. Рисуется следующая картина: «Уподобим душу соединённой силе крылатой парной упряжки и возничего. У богов и кони, и возничие все благородны и происходят от благородных, а у остальных они смешанного происхождения. Во-первых, это наш повелитель правит упряжкой, а затем, и кони-то у него — один прекрасен, благороден и рождён от таких же коней, а другой конь — его противоположность и предки его — иные. Неизбежно, что править нами — дело тяжкое и докучное»[27]. Возница изображает здесь разум, добрый конь — волевую часть души, а дурной конь — страстную или эмоциональную часть души. В диалоге «Государство» Платон более подробно разбирает эти три составляющих психики человека. Так, он уподобляет разумную часть души — пастырю стада, волевую или яростную часть души — сопутствующим пастырю собакам, помогающим ему управляться со стадом, а неразумную, страстную часть души он называет стадом, добродетель которого — подчиняться пастырю и собакам. Таким образом, Платон выделяет три начала души:

Разумное начало, обращённое на познание и всецело сознательную деятельность.
Яростное начало, стремящееся к порядку и преодолению трудностей. Как говорит Платон, ярость и гнев отличаются от простых вожделений и даже зачастую спорят с ними: «мы замечаем, как человек, одолеваемый вожделениями вопреки способности рассуждать, бранит сам себя и гневается на этих поселившихся в нём насильников. Гнев такого человека становится союзником его разуму в этой распре, которая идёт словно лишь между двумя сторонами»[28]. Платон замечает, что яростное начало особенно заметно в человеке, «когда он считает, что с ним поступают несправедливо, он вскипает, раздражается и становится союзником того, что ему представляется справедливым, и ради этого он готов переносить голод, стужу и все подобные этим муки, лишь бы победить; он не откажется от своих благородных стремлений — либо добиться своего, либо умереть, разве что его смирят доводы собственного рассудка»[28].
Страстное начало, выражающееся в бесчисленных вожделениях человека. В диалоге Платона «Государство» говорится, что начало, «из-за которого человек влюбляется, испытывает голод и жажду и бывает охвачен другими вожделениями, мы назовём началом неразумным и вожделеющим, близким другом всякого рода удовлетворения и наслаждений»[28].

Статуя Платона в Дельфах
Во многих своих произведениях Платон подробно рассматривает теорию о бессмертии души. В диалоге «Федон» Платон излагает четыре аргумента в пользу этой теории.

Первый аргумент в пользу бессмертия души
Первое доказательство бессмертия души получило название «циклического», поскольку основано на понятии взаимной обусловленности любых противоположностей. Поскольку противоположности предполагают наличие друг друга — так, большее возможно только при наличии меньшего, а сон возможен только при наличии бодрствования, — таким образом, смерть подразумевает наличие бессмертия. Как говорит в этом диалоге Сократ: «Если бы всё, причастное жизни, умирало, а умерев, оставалось бы мёртвым и вновь не оживало, — разве не совершенно ясно, что в конце концов все стало бы мертво и жизнь бы исчезла?»[29] Раз живое происходит из мёртвого, а умереть может только живое, то этот факт может служить аргументом в пользу перевоплощения душ. Души умерших должны оставаться в нетленном состоянии, что отличает их от природы тела и предполагает дуализм духа и тела.

Второй аргумент в пользу бессмертия души
Второй аргумент в пользу бессмертия души основан на учении о знании как припоминании. В сознании человека наличествуют универсальные понятия, такие, как «красота сама по себе» или «справедливость сама по себе». Эти понятия указывают на абсолютные сущности, существующие вечно. Если душа знает о них, то душа человека существовала и до того, как сам человек рождается на свет. Душа не могла бы получить знание о бессмертных и вечных сущностях, если бы сама не была бессмертной и вечной. В соединении с первым аргументом доказывается и продолжение существования души и после смерти человека: «Раз наша душа существовала ранее, то, вступая в жизнь и рождаясь, она возникает неизбежно и только из смерти, из мёртвого состояния. Но в таком случае она непременно должна существовать и после смерти: ведь ей предстоит родиться снова»[29].

Третий аргумент в пользу бессмертия души
Третий аргумент «Федона» связан уже с доказательством разнородности души и тела. В диалоге постулируется наличие двух видов сущего. К первому относится всё зримое и разложимое, ко второму — безвидное, то есть недоступное чувствам, и неразложимое. Как очевидно, тело это то, что зримо и постоянно изменяется. Следовательно, тело — сложно по природе, и в нём нет ничего простого и неразложимого. Именно поэтому тело и смертно. А душа безвидна и влечётся к познанию вещей вечных и неизменных.

Далее по ходу рассуждения Платон замечает «Когда душа и тело соединены, природа велит телу подчиняться и быть рабом, а душе — властвовать и быть госпожою. Приняв это в соображение, скажи, что из них, по-твоему, ближе божественному и что смертному? Не кажется ли тебе, что божественное создано для власти и руководительства, а смертное — для подчинения и рабства? — Да, кажется, отвечает его собеседник. — Так с чем же схожа душа? — Ясно, Сократ: душа схожа с божественным, а тело со смертным»[29]. Значит, раз уж смертное тело с помощью, например, бальзамирования, способно сохраняться длительное время в нетлении, то душа, причастная божественному началу, тем более должна быть признана бессмертной.

В своём диалоге Платон воспроизводит ряд контраргументов противников учения о бессмертии души. Так, если душа такова, какой её рисует Сократ в диалоге, то она подобна форме кувшина или налаженности струн лиры. Если разбить кувшин или разломать лиру, то и форма кувшина погибнет, и гармония звуков лиры исчезнет. С другой стороны — если душа и более прочна, чем тело, и способна жить вовсе без него или перевоплощаться в разные тела, то почему не предположить, что настанет момент, когда душа износится и наконец погибнет.

Против первого контраргумента находятся следующие возражения — душа не просто «настроенность» тела, не его внутренняя гармония, но нечто существующее до самого тела. Как резюмирует доводы, приводимые здесь в пользу бессмертия души, Алексей Федорович Лосев: «душа не есть гармония, строй, подобный тому, который создаётся лирой, но существует, как сказано выше, до тела в виде сущности (ουσία), именуемой бытием (δ εστίν); поэтому, прежде чем быть строем или настроением тела, душа есть сама же она, и быть душой свойственно всем душам совершенно одинаково; а так как для того, чтобы настроить лиру, уже надо иметь представление о желательном строе, то и душа, прежде чем быть гармонией тела, должна не зависеть от этой телесной гармонии и отдельных её моментов, а, наоборот, сама настраивать или расстраивать лиру»[30].

Четвёртый аргумент в пользу бессмертия души
Возражение против второго контраргумента представляет собой самостоятельное, четвёртое доказательство бессмертия души. В нём даётся более сложное учение о противоположностях. Противоположности исключают друг друга. Так, если число чётное, то оно не может быть нечётным, а если нечто справедливо, то оно не может быть несправедливым.

Если дать определение души, то она есть подлинная причина существования тела. Такая причина называется Платоном эйдосом или идеей. Подобно тому, как нельзя вывести из строения тела Сократа тот факт, что ныне он находится в заключении, приговорённый к смертной казни, так и во всяком ином случае сама телесность не может считаться причиной существования человека.

Поэтому душа как «идея жизни» не может быть причастна ничему, что противоположно жизни, то есть смерти. И этим доказывается бессмертие души, иллюстрацией которому у Платона в «Федоне» служит следующий диалог Сократа и Кебета: «-Что должно появиться в теле, чтобы оно было живым? — Душа, — сказал Кебет. — И так бывает всегда? — А как может быть иначе? — спросил тот. — Значит, чем бы душа ни овладела, она всегда привносит в это жизнь? — Да, верно. — А есть ли что-нибудь противоположное жизни или нет? — Есть. — Что же это? — Смерть. — Но — в этом мы уже согласились — душа никогда не примет противоположного тому, что всегда привносит сама? — Без всякого сомнения! — отвечал Кебет. — Что же выходит? Как мы сейчас назвали то, что не принимает идеи чётного? — Нечётным. — А не принимающее справедливости и то, что никогда не примет искусности? — Одно — неискусным, другое — несправедливым. — Прекрасно. А то, что не примет смерти, как мы назовём? — Бессмертным. — Но ведь душа не принимает смерти? — Нет. — Значит, душа бессмертна? — Бессмертна, — сказал Кебет»[29].

Судьба души человека
В диалоге «Федр» дана мифологическая иллюстрация, изображающая существование бессмертной души. Она изначально обитает в сфере «чистого бытия», не причастного ничему временному и меняющемуся, созерцая чистые формы, идеи или эйдосы. Человеческие души иногда имеют даже возможность заглянуть в «занебесное» поле сверхсущностного бытия или «идеи Блага», но это даётся с большим трудом и далеко не все они способны на это. Души людей из-за своего несовершенства часто падают из сферы чистых форм и вынуждены проводить время на Земле, вселившись в то или иное тело.

Платон вводит этические и религиозные моменты в своё учение о бессмертии души. Так, в частности, он упоминает о возможности посмертных наказаний и наград душе за её земные свершения. В диалоге «Государство» он приводит мифологическое сказание о посмертных судьбах человеческих душ, якобы известное со слов некоего памфилийца Эра, который «как-то он был убит на войне; когда через десять дней стали подбирать тела уже разложившихся мертвецов, его нашли ещё целым, привезли домой, и когда на двенадцатый день приступили к погребению, то, лежа уже на костре, он вдруг ожил, а оживши, рассказал, что он там видел»[31].

Учение о познании
Всё, доступное познанию, Платон в VI книге «Государства» делит на два рода: воспринимаемое посредством чувств и познаваемое умом. Отношение между сферами чувственно-воспринимаемого и умопостигаемого определяет и отношение разных познавательных способностей: чувства позволяют познавать (хоть и недостоверно) мир вещей, разум позволяет узреть истину.

Чувственно-воспринимаемое вновь делится на два рода — сами предметы и их тени и изображения. С первым родом соотносится вера (πίστις), со вторым — уподобление (εἰκασία). Под верой имеется в виду способность обладать непосредственным опытом. Взятые вместе, эти способности составляют мнение (δόξα). Мнение не есть знание в подлинном смысле этого слова, поскольку касается изменчивых предметов, а также их изображений.
Сфера умопостигаемого также делится на два рода — это идеи вещей и их умопостигаемые подобия. Идеи для своего познания не нуждаются ни в каких предпосылках, представляя собой вечные и неизменные сущности, доступные одному лишь разуму (νόησις). Ко второму роду относятся математические объекты. Согласно мысли Платона, математикам лишь «снится» бытие, поскольку они используют выводные понятия, нуждающиеся в системе аксиом, принимаемых бездоказательно. Способность производить такие понятия есть рассудок (διάνοια). Разум и рассудок вместе составляют мышление, и лишь оно способно на познание сущности.
Платон вводит следующую пропорцию: как сущность относится к становлению, так мышление относится к мнению; и так же относятся познание к вере и рассуждение к уподоблению.

Особую известность в теории познания имеет аллегория Платона «Миф о пещере» (или «Притча о пещере»).

Диалектика Платона
Главным методом познания Платон называет диалектику, которую он определяет как познание самих сущностей вещей. В диалоге «Государство» собеседники приходят к выводу, что занимается диалектикой лишь тот, кто «делает попытку рассуждать… посредством одного лишь разума, устремляется к сущности любого предмета и не отступает, пока при помощи самого мышления не постигнет сущности блага. Так он оказывается на самой вершине умопостигаемого, подобно тому как другой взошёл на вершину зримого»[32].

В обыденном понимании диалектика — это лишь искусство рассуждать в общении, особенно во время спора. Для Платона в обыденном значении слова важно было подчеркнуть момент всеобъемлющего рассмотрения вещи.[источник?]

Политико-правовое учение Платона
Основная статья: Политическая философия Платона
Основными политическими произведениями Платона являются трактаты «Государство», «Законы» и диалог «Политик».

Наиболее известным диалогом Платона является «Государство». Он описывает политическую утопию, противопоставляемую круговороту реальных государственных форм.

Эти положения отталкиваются от общефилософских взглядов. По Платону существуют два мира: мир идей (эйдосов) и мир вещей. Любая вещь является лишь отражением своей идеи, может стремиться к ней, но никогда не достигнет её. Философ должен изучать идеи, а не сами вещи. Это относится и к государству, Платон описывает круговорот государственных форм, но все они несовершенны, хотя бы потому, что существуют в мире вещей, идеальная же форма полиса им противостоит.

Политические идеи в «Государстве»
Основная статья: Государство (Платон)
Происхождение государства вполне правдоподобно: разделение труда приводит к обмену между людьми, а обмен удобен, если жить вместе. Мысль о разделении труда и лежит в основе платоновской утопии.

Всё не так в мире идей. Разделение труда порождает необходимость различных добродетелей в каждой из профессий. Изначально это добродетели земледельца, строителя и ткача (вытекают из первичных по Платону потребностей в еде, доме и одежде). Затем с ростом государства-полиса возникают конфликты с другими государствами, формируется профессиональная общность воинов. Итак, два класса уже есть: производители и воины. Ну и третий, правители-философы, создают наилучшие законы для недопущения круговорота государственных форм — аналогия с «правлением знающих» Сократа. Так что политический идеал Платона — это стабильность государства. Чтобы оно было стабильным, требуется стабильность в обществе, каждый выполняет собственную работу — это справедливо. Неравенство сословий — это тоже нормально, ведь счастье отдельного человека для счастья полиса не значит ничего.

Политические идеи в «Законах»
Позже Платон в «Законах» опишет иную утопию и другой государственный строй — аристократическая республика или аристократическая монархия.

4 класса, в зависимости от имущественного ценза,
5040 граждан и сложнейшая система управления.
допускается личная собственность, деньги, разрешено создание семьи для всех сословий[33].
значительное усиление контролирующей роли государства, строжайше регламентирующего все общественные отношения.
Платон различал два вида государственного устройства аристократического управления:

над всеми стоят правители.
все подчиняются законам.
На страже законов стоит система правосудия. И без истинного правосудия государство перестаёт быть государством.

Аристократическое государство может стать монархическим, если среди правителей выделится кто-нибудь один (царская власть).

Если же будет несколько правителей, то государство будет республиканским (аристократическое правление).

Важнее непосредственно законодательная мысль «Законов»: раз счастье гражданина не есть ценность, то для счастья полиса к отдельному человеку могут быть применены меры физического воздействия. Таким образом, санкция со времён Платона становится неотъемлемым признаком позитивного закона.

Политические идеи в диалоге «Политик»
Пазлинка и перо
Это пустой раздел, который ещё не написан.
Здесь может располагаться отдельный раздел. Помогите Википедии, написав его. (26 марта 2014)
Этические взгляды
Философия Платона почти вся пронизана этическими проблемами: в его диалогах рассматриваются такие вопросы как: природа высшего блага, его осуществление в поведенческих актах людей, в жизни общества. Нравственное мировоззрение Платона развивалось от «наивного эвдемонизма» (Протагор) к идее абсолютной морали (диалог «Горгий»). В диалогах «Горгий», «Теэтет», «Федон», «Республика» этика Платона получает аскетическую ориентацию: она требует очищения души, очищения от мирских удовольствий, от преисполненной чувственных радостей светской жизни.

Задача человека в том, чтобы возвыситься над беспорядком (несовершенным чувственным миром) и всеми силами души стремиться к уподоблению Богу, который не соприкасается ни с чем злым («Теэтет»); в том, чтобы освободить душу от всего телесного, сосредоточить её на себе, на внутреннем мире умозрения и иметь дело только с истинным и вечным («Федон»). Платону характерна и примиряющая эвдемоническая позиция, которая излагается в диалогах «Филеб» и «Законы».

Во всех произведениях Платона подразумевается существование эроса, стремление к идеалу в высшей красоте и вечной полноте бытия.

Человек
Сущность человека усматривал в его вечной и бессмертной душе, вселяющейся в тело при рождении. Она (а значит и человек) восприимчива к знанию. В этом Платон видел родовое (общее) отличие от животного. А на видовом (частном) уровне человек отличается от животного своими внешними особенностями. На основе этих отличий Платон сформулировал одно из первых определений сущности человека:

Человек — существо бескрылое, двуногое, с плоскими ногтями, восприимчивое к знанию, основанному на рассуждениях[34]

У Платона нет абсолютного противопоставления животных и человека. В силу того, что душа человека бессмертна, а тело тленно, человек — дуалистичен.

Существует легенда, согласно которой Диоген Синопский на определение Платона «Человек есть животное о двух ногах, лишённое перьев», ощипал курицу и принёс к нему в школу, объявив: «Вот платоновский человек!» На что Платон к своему определению вынужден был добавить «…и с широкими ногтями»[35].

Неписаное учение
Сохранилось порядка 70 античных свидетельств о том, что Платон в последние годы жизни излагал некоторое систематическое учение («Неписаное учение» как называет его Аристотель). Это незаписанное учение, называвшееся, предположительно, «О благе как таковом», Платон по мнению исследователей тюбингенской школы в платоноведении излагал в последние годы преподавания в Академии[36][37].

Тексты
Оригинальные рукописи текстов Платона до нашего времени не дошли. Старейшими копиями произведений являются найденные на египетских папирусах в Оксиринхе фрагменты нескольких диалогов, датируемые около 200 года н. э. Наиболее древние сохранившиеся полные тексты относятся к X веку.

В VI веке был осуществлён перевод на армянский язык. Вплоть до XII века единственным диалогом Платона, переведённым на латинский язык, был «Тимей», перевод которого был выполнен в IV веке Халкидием. Всё раннее Средневековье искало знание о платонизме прежде всего не из первоисточника, а из исследовательских трудов неоплатоников, связавших философские концепции Платона с религиозными и отчасти мистическими идеями.

В середине XII века возникло движение так называемой «шартрской школы», важную роль в котором сыграло изучение платоновского «Тимея». В том же XII веке Аристипп[англ.] перевёл на латинский язык диалоги «Менон» и «Федон».

В середине XV века, когда Марсилио Фичино перевёл на латинский язык все работы философа, наследие Платона во всей полноте вернулось в общественную и научную жизнь Европы.

История изучения

Посмертная слава Платона была распространена не только в Европе, но и в Азии. Восточные поэты наделили «мудреца Афлатуна» невероятными качествами, одним из которых была его способность околдовывать своей музыкой диких зверей. На могольской миниатюре XVI века Платон усыпил даже сказочную птицу Симург. Художник Мадху Ханазад. «Хамсе» Низами, 1595—1596 г. Британская библиотека, Лондон
В период средневековья и Возрождения в западноевропейской культуре Платон рассматривался в первую очередь как стилист и литератор, но не как догматический философ. Первая монография по Платону была написана Тенеманном[нем.] в XVIII веке.

Значительный вклад в понимание Платона сделал Шлейермахер, выдвинув гипотезу о единой доктрине, отстаиваемой Платоном. В 1804 году Шлейермахер издал свой перевод текстов Платона на немецкий (этот перевод до настоящего времени считается одним из лучших переводов Платона на современный язык) и сопроводил это издание вступлением, совершившим переворот в отношении к Платону. В числе прочего Шлейермахер уделяет значительное внимание жанровой особенности диалога Платона. Шлейермахер исходил из оценки Платона как преподавателя и педагога. Тексты Платона поэтому имеют учебный, но не систематический характер. По мнению Шлейермахера, основные идеи Платона были сформированы ещё в юные годы, а тексты написаны в соответствии с некоторым глобальным планом раскрытия этих идей.

Позже Германн сделал предположение, что взгляды Платона с течением жизни менялись. Впоследствии все сочинения Платона были разделены на ранние или «малые сократические», зрелые («Государство»), где утверждается теория идей и поздние («Парменид»), где Платон пересматривает свои взгляды.

В 1950-х годах немецкими исследователями Гансом Кремером[нем.] и Конрадом Гейзером[нем.] был выдвинут ряд тезисов[36][37], существенно пересматривавших классическое представление о содержании платоновского учения, положивших начало так называемой тюбингенской революции в платоноведении. Согласно исследованиям тюбингенцев, сохранившиеся тексты Платона ничего не дают для понимания его подлинного учения (т. н. «неписаное учение»), которое в его текстах не зафиксировано, однако излагалось им в Академии.

В целом интерпретации философии Платона современные учёные разделяют на несколько направлений[38]:

интерпретация в ключе метафизики и гносеологии, идущая от Академии;
религиозно-мистическая интерпретация;
этико-политическая интерпретация, возникшая в XX веке;
интерпретация, возникшая в последние десятилетия, признаёт первостепенным для Платона выражение истины через устную речь.
В 1979 году в СССР официально, пусть и лишь в академических кругах, отметили 2400 лет со дня рождения Платона. Г. Гусейнов отмечает, что «мало где в мире сочинения Платона выходили такими большими тиражами в видах массового просвещения, как в СССР в 1960—1970-е гг.»[39].

Политическая критика Платона
За последние 150 лет ряд известных философов критиковали политические взгляды Платона. Начало было положено ещё Фридрихом Ницше в работе «Рождение трагедии из духа музыки» (1872). Ницше провозгласил Платона наряду с «деспотическим логиком» Сократом отцом аполлонического начала в европейской культуре. С других позиций Платона критиковал Карл Поппер. В работе «Открытое общество и его враги» (1945) он трактовал политическую философию Платона как утопическую, обвиняя Платона в историцизме, и рассматривал его как первого тоталитариста[40]. В дальнейшем развитие получила критика в русле ницшевской традиции. К ней относятся «антиплатонические» тексты Мартина Хайдеггера, Ханны Арендт, Жака Деррида, Жиля Делёза, Лео Штрауса, Мишеля Фуко[41].
"
5,"
Алекса́ндр Серге́евич Пу́шкин (26 мая [6 июня] 1799, Москва — 29 января [10 февраля] 1837, Санкт-Петербург) — русский поэт, драматург и прозаик, заложивший основы русского реалистического направления[3], литературный критик[4] и теоретик литературы, историк[4], публицист, журналист[4], редактор и издатель[5].

Один из самых авторитетных литературных деятелей первой трети XIX века. Ещё при жизни Пушкина сложилась его репутация величайшего национального русского поэта[6][7]. Пушкин рассматривается как основоположник современного русского литературного языка[~ 2].


Происхождение Александра Сергеевича Пушкина идёт от разветвлённого нетитулованного дворянского рода Пушкиных, восходившего по генеалогической легенде к «мужу честну» Ратше[8][~ 3]. Пушкин неоднократно писал о своей родословной в стихах и прозе; он видел в своих предках образец истинной «аристократии», древнего рода, честно служившего отечеству, но не снискавшего благосклонности правителей и «гонимого». Не раз он обращался (в том числе в художественной форме) и к образу своего прадеда по матери — африканца Абрама Петровича Ганнибала, ставшего слугой и воспитанником Петра I, а потом военным инженером и генералом[10].

В XVII веке предки Пушкина по отцу не поднимались выше придворного чина стольника.

Прадед, живший в эпоху Петра I, Александр Петрович Пушкин, был сержантом гвардии и в 1725 году в припадке безумия убил свою жену.
Дед, Лев Александрович, был полковником артиллерии, капитаном гвардии.
Отец — Сергей Львович Пушкин (1770—1848), светский острослов и поэт-любитель.
Мать Пушкина — Надежда Осиповна (1775—1836), внучка Ганнибала.
Дядя по отцу, Василий Львович (1766—1830), был известным поэтом круга Карамзина.
Из детей Сергея Львовича и Надежды Осиповны, кроме Александра, выжили дочь Ольга (в замужестве Павлищева, 1797—1868) и сын Лев (1805—1852)[11].
Детство

Пушкин родился 26 мая (6 июня) 1799[12] г. в Москве, в Немецкой слободе[13][14][15]. В метрической книге церкви Богоявления в Елохове на дату 8 (19) июня 1799 года[13], в числе прочих, приходится такая запись:

Мая 27[12]. Во дворе коллежского регистратора Ивана Васильева Скварцова у жильца его Моёра[~ 4] Сергия Львовича Пушкина родился сын Александр. Крещён июня 8 дня. Восприемник граф Артемий Иванович Воронцов, кума мать означенного Сергия Пушкина вдова Ольга Васильевна Пушкина[16]:6

Летом родители увезли сына в Михайловское, а затем до весны 1801 года семья жила в Петербурге, у тёщи — Марии Алексеевны Ганнибал (1745—1818, урождённой Пушкиной[17], из другой ветви рода). В этот период вполне могла состояться часто упоминаемая встреча c Павлом I, о которой Пушкин пишет в строках «Видел я трёх царей…»[18]


Летние месяцы 1805—1810 годов будущий поэт обычно проводил у своей бабушки по матери — той же Марии Алексеевны, в подмосковном селе Захарове, близ Звенигорода. Ранние детские впечатления отразились в первых опытах пушкинских поэм, написанных несколько позже («Монах», 1813; «Бова», 1814), в лицейских стихотворениях «Послание к Юдину» (1815), «Сон» (1816). Бабушка писала о своём внуке следующее:

Не знаю, что выйдет из моего старшего внука. Мальчик умён и охотник до книжек, а учится плохо, редко когда урок свой сдаст порядком; то его не расшевелишь, не прогонишь играть с детьми, то вдруг так развернётся и расходится, что ничем его не уймёшь: из одной крайности в другую бросается, нет у него середины[16]:40

Юность

Шесть лет (1811—1817) Пушкин провёл в Императорском Царскосельском лицее, открытом 19 октября 1811 года. Здесь юный поэт пережил события Отечественной войны 1812 года. Здесь впервые открылся и был высоко оценён его поэтический дар. Воспоминания о годах, проведённых в Лицее, о лицейском братстве навсегда остались в душе поэта[19].

Среди лицейских преподавателей Пушкина был профессор нравственных и политических наук А. П. Куницын, учившийся в Геттингенском университете и бывший близким со многими будущими декабристами[20]. Пушкин на всю жизнь сохранил признательность Куницыну. Он — единственный из лицейских учителей, к которому Пушкин неоднократно обращался в стихах[21].

В лицейский период Пушкин написал много стихотворных произведений. Его вдохновляли французские поэты XVII—XVIII веков, с творчеством которых он познакомился в детстве, читая книги из библиотеки отца. Любимые поэты и писатели молодого Пушкина перечислены в стихотворении «Городок» (1815 г.): Вольтер, Гомер, Вергилий, Т. Тассо, Лафонтен, Дмитриев, Крылов, Державин, Вержье, Грекур, Парни, Расин, Мольер, Фонвизин, Княжнин, Озеров, Руссо, Карамзин, Лагарп[22]. В его ранней лирике соединились традиции французского и русского классицизма. Учителями Пушкина-поэта стали Батюшков, признанный мастер «лёгкой поэзии», и Жуковский, глава отечественного романтизма. Пушкинская лирика периода 1813—1815 годов пронизана мотивами быстротечности жизни, которая диктовала жажду наслаждения радостями бытия. С 1816 года, вслед за Жуковским, он обращается к элегиям, где развивает характерные для этого жанра мотивы: неразделённой любви, ухода молодости, угасания души. Лирика Пушкина ещё подражательна, полна литературных условностей и штампов, тем не менее уже тогда начинающий поэт выбирает свой, особый путь[23]. Не замыкаясь на поэзии камерной, Пушкин обращался к темам более сложным, общественно значимым. «Воспоминания в Царском Селе» (1814), заслужившие одобрение Державина, — в начале 1815 года Пушкин читал стихотворение в его присутствии, — посвящено событиям Отечественной войны 1812 года[24]. Стихотворение было опубликовано в 1815 году в журнале «Российский музеум» за полной подписью автора. А в пушкинском послании «Лицинию» критически изображена современная жизнь России, где в образе «любимца деспота» выведен Аракчеев. Уже в начале своего творческого пути Пушкин проявлял интерес к русским писателям-сатирикам прошлого века. Влияние Фонвизина чувствуется в сатирической поэме Пушкина «Тень Фонвизина» (1815)[25]; с творчеством Радищева связаны «Бова» (1814) и «Безверие» (1817)[26].

В июле 1814 года Пушкин впервые выступил в печати в издававшемся в Москве журнале «Вестник Европы». В тринадцатом номере было напечатано стихотворение «К другу-стихотворцу», подписанное псевдонимом Александр Н.к.ш.п. и обращённое к Кюхельбекеру[~ 5][16]:60[27].

Ещё воспитанником Лицея, Пушкин вошёл в литературное общество «Арзамас»[28], выступавшее против рутины и архаики в литературном деле, и принял действенное участие в полемике с объединением «Беседа любителей русского слова», отстаивавшим каноны классицизма прошлого века. Привлечённый творчеством наиболее ярких представителей нового литературного направления, Пушкин испытывал в то время сильное влияние поэзии Батюшкова, Жуковского, Давыдова[29]. Последний поначалу импонировал Пушкину темой бравого вояки, а после тем, что сам поэт называл «кручением стиха» — резкими сменами настроения, экспрессией, неожиданным соединением образов. Позднее Пушкин говорил, что подражая в молодости Давыдову, «усвоил себе его манеру навсегда»[30]. Многие лицейские стихотворения Пушкина навеяны лирикой Дениса Давыдова: «Пирующие студенты», «Казак», «Наездники», «Усы», «Воспоминание».

Молодость

Из лицея Пушкин был выпущен 9 июня 1817 года в чине коллежского секретаря (10-го класса, по Табели о рангах)[31], 13 июня высочайшим указом был определён в Коллегию иностранных дел и 15 июня принёс присягу, подписав бланк клятвенного обещания императору[32].

В это время отец передал Александру своего дворового крепостного Никиту, знавшего Сашу с первых дней, ставшего ему настоящим другом и прошедшего с ним практически весь жизненный путь вплоть до последнего дня, кроме года Михайловской ссылки[33].

Пушкин становится постоянным посетителем театра, принимает участие в заседаниях «Арзамаса» (принят он был туда заочно, ещё учеником Лицея, и получил кличку «Сверчок»)[34], в 1819 году вступает в литературно-театральное общество «Зелёная лампа», которым руководит «Союз благоденствия» (см. Декабристы)[35].

Не участвуя в деятельности первых тайных организаций, Пушкин тем не менее связан дружескими узами со многими активными членами декабристских обществ, пишет политические эпиграммы и стихи «К Чаадаеву» («Любви, надежды, тихой славы…», 1818), «Вольность» (1818), «Н. Я. Плюсковой» (1818), «Деревня» (1819), распространявшиеся в списках.

В эти годы Пушкин работает над поэмой «Руслан и Людмила», начатой в Лицее и отвечавшей программным установкам литературного общества «Арзамас» о необходимости создания национальной богатырской поэмы. Поэма опубликована в мае 1820 года (по спискам была известна ранее) и вызвала различные, не всегда благожелательные, отклики. Уже после высылки Пушкина вокруг поэмы разгорелись споры[36]. Некоторые критики были возмущены снижением высокого канона. Смешение в «Руслане и Людмиле» русско-французских приёмов словесного выражения с просторечием и фольклорной стилистикой вызвало упрёки и со стороны защитников демократической народности в литературе. Такие нарекания содержало письмо Д. Зыкова, литературного последователя Катенина, опубликованное в «Сыне отечества»[37][38].

На юге (1820—1824)

Весной 1820 года Пушкина вызвали к военному генерал‑губернатору Петербурга графу М. А. Милорадовичу для объяснения по поводу содержания его стихотворений (в том числе эпиграмм на Аракчеева, архимандрита Фотия и самого Александра I), несовместимых со статусом чиновника. Шла речь о высылке в Сибирь или заточении в Соловецкий монастырь. Лишь благодаря хлопотам друзей, прежде всего Карамзина, удалось добиться смягчения наказания. Пушкина перевели из столицы на юг, в кишинёвскую канцелярию наместника Бессарабской области И. Н. Инзова[39].

По пути к новому месту службы Пушкин заболел воспалением лёгких, искупавшись в Днепре. Для поправления здоровья Раевские вывозят в конце мая 1820 года больного поэта с собой на Кавказ и в Крым[40]. По дороге семья Раевских и А. С. Пушкин останавливаются в Таганроге, в бывшем доме градоначальника П. А. Папкова (Греческая улица, 40). С 13/25 июня по 6/18 июля поэт впервые находился на Горячих Водах. Жил в усадьбе А. Ф. Реброва[41].

Пушкин в Крыму
16 августа 1820 года Пушкин прибыл в Феодосию. Он написал своему брату Льву:

«Из Керчи приехали мы в Кафу, остановились у Броневского, человека почтенного по непорочной службе и по бедности. Теперь он под судом — и, подобно Старику Вергилия, разводит сад на берегу моря, недалеко от города. Виноград и миндаль составляют его доход. Он не умный человек, но имеет большие сведения об Крыме. Стороне важной и запущенной. Отсюда морем отправились мы мимо полуденных берегов Тавриды, в Юрзуф, где находилось семейство Раевского. Ночью на корабле написал я элегию, которую тебе присылаю»[42].

Через два дня Пушкин вместе с Раевскими отбыл морем в Гурзуф.

Пушкин провёл в Гурзуфе несколько недель лета и осени 1820 года. Вместе с Раевскими он остановился в доме герцога Ришельё; поэту в нём был предоставлен мезонин, выходивший на запад. В Гурзуфе Пушкин совершил много прогулок вдоль побережья и в горы, среди которых были поездка верхом к вершине Аю-Дага и лодочная прогулка к мысу Суук-Су.

В Гурзуфе Пушкин продолжил работу над поэмой «Кавказский пленник», написал несколько лирических стихотворений, некоторые из которых посвящены дочерям Н. Н. Раевского — Екатерине, Елене и Марии. Здесь возник у поэта замысел поэмы «Бахчисарайский фонтан» и романа «Евгений Онегин». В конце жизни Пушкин вспоминал о Крыме: «Там колыбель моего Онегина»[43].

В сентябре 1820 года по пути в Симферополь побывал в Бахчисарае. Из письма Дельвигу:

…Вошед во дворец, увидел я испорченный фонтан, из заржавленной железной трубки по каплям падала вода. Я обошёл дворец с большой досадою на небрежение, в котором он истлевает, и на полуевропейские переделки некоторых комнат[44].

Прогуливаясь по внутренним дворикам дворца, поэт сорвал две розы и положил их к подножию «Фонтана слёз», которому позже посвятил стихи и поэму «Бахчисарайский фонтан».

В середине сентября Пушкин около недели провёл в Симферополе, предположительно, в доме таврического губернатора Баранова Александра Николаевича, старого знакомого поэта по Петербургу.

Свои впечатления от посещения Крыма Пушкин использовал и в описании «Путешествия Онегина», которое сначала входило в состав поэмы «Евгений Онегин» как приложение.

В Кишинёве и Одессе
Лишь 21 сентября Пушкин приехал в Кишинёв[45]. Новый начальник снисходительно относился к службе Пушкина, позволяя ему подолгу отлучаться и гостить у друзей в Каменке (зима 1820—1821), выезжать в Киев, путешествовать с И. П. Липранди по Молдове и наведываться в Одессу (конец 1821). В Кишинёве Пушкин близко общается с членами Союза благоденствия М. Ф. Орловым, К. А. Охотниковым, В. Ф. Раевским[46], вступает в масонскую ложу «Овидий»[47], о чём сам пишет в своём дневнике[48]. Если поэма «Руслан и Людмила» была итогом школы у лучших русских поэтов, то уже первая «южная поэма» Пушкина «Кавказский пленник» (1822) поставила его во главе всей современной русской литературы, принесла заслуженную славу первого поэта, неизменно ему сопутствующую до конца 1820-х годов. Позднее, в 1830-х годах Пушкин получил эпитет «русский Байрон»[49].

Позже выходит другая «южная поэма» — «Бахчисарайский фонтан» (1824). Поэма получилась фрагментарной, словно таящей в себе нечто недосказанное, что и придало ей особую прелесть, возбуждающую в читательском восприятии сильное эмоциональное поле. П. А. Вяземский писал из Москвы по этому поводу:


Появление «Бахчисарайского фонтана» достойно внимания не одних любителей поэзии, но и наблюдателей успехов наших в умственной промышленности, которая также, не во гнев будь сказано, содействует, как и другая, благосостоянию государства. Рукопись маленькой поэмы Пушкина была заплачена три тысячи рублей; в ней нет шести сот стихов; итак, стих (и ещё какой же? заметим для биржевых оценщиков — мелкий четырёхстопный стих) обошёлся в пять рублей с излишком. Стих Бейрона, Казимира Лавиня, строчка Вальтера Скотта приносит процент ещё значительнейший, это правда! Но вспомним и то, что иноземные капиталисты взыскивают проценты со всех образованных потребителей на земном шаре, а наши капиталы обращаются в тесном и домашнем кругу. Как бы то ни было, за стихи «Бакчисарайского фонтана» заплачено столько, сколько ещё ни за какие русские стихи заплачено не было[50].


Вместе с тем поэт пытается обратиться к русской древности, наметив планы поэм «Мстислав» и «Вадим» (последний замысел принял и драматургическую форму), создаёт сатирическую поэму «Гавриилиада» (1821), поэму «Братья разбойники» (1822; отдельное издание в 1827). Со временем в Пушкине созрело убеждение (поначалу безысходно трагическое), что в мире действуют объективные законы, поколебать которые человек не в силах, как бы ни были отважны и прекрасны его помыслы. В таком ключе был начат в мае 1823 года в Кишинёве роман в стихах «Евгений Онегин»; финал первой главы романа предполагал историю путешествия героя за пределами родины по образцу поэмы Байрона «Дон Жуан».

Пока же в июле 1823 года Пушкин добивается перевода по службе в Одессу, в канцелярию графа Воронцова. Именно в это время он сознаёт себя профессиональным литератором, что было предопределено бурным читательским успехом его произведений. Ухаживание за женой начальника, а возможно, и роман с ней и неспособность к государственной службе обострили его отношения с Воронцовым.

Четырёхлетнее пребывание Пушкина на юге — новый романтический этап развития его как поэта. В это время Пушкин познакомился с творчеством Байрона и Шенье[51]. Увлечённый личностью Байрона, по собственному признанию, поэт «сходил с ума» от него. Первым стихотворением, созданным Пушкиным во время пребывания на юге, стала элегия «Погасло дневное светило…», в подзаголовке которого он отметил: «Подражание Байрону». Стержнем, основной задачей произведений стало отражение эмоционального состояния человека, раскрытие его внутренней жизни. Художественную форму стиха Пушкин разрабатывал, обращаясь к древнегреческой поэзии, изучая её в переводах. Переосмыслив образное мышление античных поэтов в романтическом ключе, взяв лучшее из творчества своих предшественников, преодолев штампы элегического стиля, Пушкин создал свой собственный поэтический язык. Основным свойством пушкинской поэзии стала её выразительная сила и в то же время необыкновенная сжатость, лаконизм[52]. Сформировавшийся в 1818—1820 годах под влиянием французских элегий и лирики Жуковского условно-меланхолический стиль претерпел серьёзную трансформацию и слился с новым «байроническим» стилем. Сочетание старых, усложнённых и условных форм с романтическими красками и напряжённостью ярко проявились в «Кавказском пленнике»[53].

В 1824 году полицией в Москве было вскрыто письмо Пушкина, в котором он писал об увлечении «атеистическими учениями». Это послужило причиной отставки поэта от службы[54]. Во второй половине июля 1824 года новороссийский и бессарабский генерал-губернатор граф М. С. Воронцов получил уведомления вице-канцлера К. В. Нессельроде о высочайших повелениях от 8 июля «находящегося в ведомстве Государственной коллегии иностранных дел коллежского секретаря Пушкина уволить вовсе от службы» и от 11 июля — перевести Пушкина на жительство в Псковскую губернию с тем, чтобы он находился там под надзором местного начальства. 30 июля Пушкин, получив 389 рублей и 4 копейки прогонных денег, выехал в Псковскую губернию[55].

Ссылка в Михайловское
Пушкин был сослан в имение своей матери и провёл там два года (до сентября 1826 года) — это самое продолжительное пребывание Пушкина в Михайловском. Впервые юный поэт побывал здесь летом 1817 года и, как сам писал он в одной из автобиографий, был очарован «сельской жизнью, русской баней, клубникой и проч., — но всё это нравилось мне недолго»[56].

Вскоре после приезда в Михайловское у Пушкина произошла крупная ссора с отцом, фактически согласившимся на негласный надзор за собственным сыном. В конце осени все родные Пушкина уехали из Михайловского[57].

Вопреки опасениям друзей, уединение в деревне не стало губительным для Пушкина. Несмотря на тяжёлые переживания, первая Михайловская осень была плодотворной для поэта, он много читал, размышлял, работал[57]. Пушкин часто навещал соседку по имению П. А. Осипову в Тригорском и пользовался её библиотекой[58] (отец Осиповой, масон, соратник Н. И. Новикова, оставил большое собрание книг). С михайловской ссылки и до конца жизни поэта связывали дружеские отношения с Осиповой и членами её большой семьи. В Тригорское летом 1826 года приехал Языков, стихи которого были известны Пушкину с 1824 года.

Пушкин завершает начатые в Одессе стихотворения «Разговор книгопродавца с поэтом», где формулирует своё профессиональное кредо, «К морю» — лирическое раздумье о судьбе человека эпохи Наполеона и Байрона, о жестокой власти исторических обстоятельств над личностью, поэму «Цыганы» (1827), продолжает писать роман в стихах. Осенью 1824 года возобновляет работу над автобиографическими записками, оставленную в самом начале в кишинёвскую пору, и обдумывает сюжет народной драмы «Борис Годунов» (окончена 7 (19) ноября 1825, опубликована в 1831), пишет шуточную поэму «Граф Нулин». Всего в Михайловском поэтом создано около ста произведений[59].

В 1825 году встречает в Тригорском племянницу Осиповой Анну Керн[~ 6], которой, как принято считать, посвящает стихотворение «Я помню чудное мгновенье…».

Через месяц после окончания ссылки Пушкин вернулся «вольным в покинутую тюрьму» и провёл в Михайловском около месяца. Последующие годы поэт периодически приезжал сюда, чтобы отдохнуть от городской жизни и писать на свободе. В Михайловском в 1827 году Пушкин начал роман «Арап Петра Великого»[60].

В Михайловском поэт также приобщился к игре в бильярд. И хотя выдающимся игроком он не стал, однако, по воспоминаниям друзей, орудовал кием на сукне вполне профессионально[61].

Во время пребывания в Михайловском Пушкин вступил в любовные отношения с крепостной крестьянкой Ольгой Калашниковой и, как полагают некоторые исследователи, имел от неё незаконнорождённого сына Павла[62][63].



После ссылки

Известие о восстании декабристов 14 декабря 1825 года сильно взволновало Пушкина, после него он сжег свои записки. 11 мая 1826 года он подал всеподданнейшее прошение о позволении ему ехать в одну из столиц или за границу; при прошении было им приложено медицинское свидетельство о болезни и подписка о непринадлежности к тайным обществам. В ночь с 3 на 4 сентября 1826 года в Михайловское прибыл нарочный от псковского губернатора Б. А. Адеркаса: Пушкин в сопровождении фельдъегеря должен был явиться в Москву, где в то время находился Николай I, коронованный 22 августа. 8 сентября, сразу же после прибытия, Пушкин был доставлен к императору для личной аудиенции в Малый Николаевский дворец. Беседа Николая I с Пушкиным происходила с глазу на глаз[64]. Поэту по возвращении из ссылки гарантировалось личное высочайшее покровительство и освобождение от обычной цензуры.

Именно в эти годы возникает в творчестве Пушкина интерес к личности Петра I, царя-преобразователя. Он становится героем начатого романа о прадеде поэта, Абраме Ганнибале, и новой поэмы «Полтава». В рамках одного поэтического произведения («Полтава») поэт объединил несколько серьёзных тем: взаимоотношений России и Европы, объединения народов, счастья и драмы частного человека на фоне исторических событий. По собственному признанию Пушкина, его привлекли «сильные характеры и глубокая, трагическая тень, набросанная на все эти ужасы»[65]. Опубликованная в 1829 году, поэма не нашла понимания ни у читателей, ни у критиков. В черновой рукописи статьи «Возражения критикам „Полтавы“» Пушкин писал:

Самая зрелая изо всех моих стихотворных повестей, та, в которой всё почти оригинально (а мы из этого только и бьёмся, хоть это ещё и не главное), — «Полтава», которую Жуковский, Гнедич, Дельвиг, Вяземский предпочитают всему, что я до сих пор ни написал, «Полтава» не имела успеха[66].

К этому времени в творчестве поэта обозначился новый поворот. Трезвый исторический и социальный анализ действительности сочетается с осознанием сложности часто ускользавшего от рационального объяснения окружающего мира, что наполняет его творчество ощущением тревожного предчувствия, ведёт к широкому вторжению фантастики, рождает горестные, подчас болезненные воспоминания, напряжённый интерес к смерти.

В то же время после поэмы «Полтава» отношение к Пушкину в критике и среди части читательской публики стало более холодным или критичным[67].

В 1827 году началось расследование по поводу стихотворения «Андрей Шенье» (написанного ещё в Михайловском в 1825 году), в котором был усмотрен отклик на события 14 декабря 1825[68], а в 1828 году правительству стала известна кишинёвская поэма «Гавриилиада». Дела эти были по высочайшему повелению закрыты после объяснений Пушкина[69]. Пушкин был назван виновным в распространении «того пагубного духа», который характеризует время его появления — канун 14 декабря, дал подписку «впредь никаких сочинений без рассмотрения и пропуска оных цензурою не выпускать в публику», попал под секретный полицейский надзор[70].

В декабре 1828 года Пушкин знакомится с московской красавицей, 16-летней Натальей Гончаровой. По собственному признанию, он полюбил её с первой встречи. В конце апреля 1829 года через Фёдора Толстого-Американца Пушкин сделал предложение Гончаровой. Неопределённый ответ матери девушки (причиной была названа молодость Натальи), по словам Пушкина, «свёл его с ума».

Поездка на войну
В начале мая 1829 года Пушкин отправился на русско-турецкую войну, в действующую армию на Кавказ, которой командовал И. Ф. Паскевич, желая встретить там Н. Н. Раевского, брата Льва и многих друзей. По дороге он встретил тело Грибоедова, которое везли в Тифлис из Персии.


14 июня 1829 года Пушкин принял участие в перестрелке с турецкими наездниками. В бурке и цилиндре, верхом, он бросался под пули врагов и даже, однажды, схватив пику убитого казака, бросился в погоню за отступавшими врагами. 19 июня 1829 года после сражения при Каинлы Пушкин принимал участие в преследовании бегущего неприятеля. 27 июня, после капитуляции турецких войск в Эрзеруме, Пушкин вместе с российскими войсками вступил в этот город[71].

При всякой перестрелке с неприятелем, во время движения войск вперед, Пушкина видели всегда впереди скачущих казаков или драгун прямо под выстрелами. Паскевич неоднократно предупреждал Пушкина, что ему опасно зарываться так далеко, и советовал находиться во время сражения неотлучно при себе, но Пушкин его не слушался. Кроме того, Пушкин поддерживал отношения с некоторыми из декабристов, которые служили рядовыми в армии, что не нравилось Паскевичу. Наконец, Паскевич пригласил поэта и сказал ему: «Господин Пушкин, мне вас жаль, жизнь ваша дорога для России; вам здесь делать нечего, а потому я советую вам немедленно уехать из армии обратно; я уже велел приготовить для вас благонадежный конвой». В тот же день, 19 июля, Пушкин покинул армию, жил некоторое время в Тифлисе. Свою поездку на войну он описал в очерках «Путешествие в Арзрум»[72]. Возвратившись в Москву, он встретил у Гончаровых холодный приём. Возможно, мать Натальи боялась репутации вольнодумца, закрепившейся за Пушкиным, его бедности и страсти к игре[73].

В конце 1829 года у Пушкина возникло желание отправиться в путешествие за границу, отразившееся в стихотворении «Поедем, я готов; куда бы вы, друзья…». Пушкин обращается за разрешением к Бенкендорфу, но 17 января 1830 года получает отказ Николая I в поездке, переданный Бенкендорфом[74].

Болдино

Пушкин чувствует необходимость житейских перемен. В 1830 году повторное его сватовство к Наталье Николаевне Гончаровой было принято, и осенью поэт отправляется в Болдино, нижегородское имение отца, чтобы вступить во владение близлежащей деревней Кистенёво, подаренной отцом к свадьбе. Холерные карантины задержали поэта на три месяца, и этой поре было суждено стать знаменитой Болдинской осенью, наивысшей точкой пушкинского творчества, когда из-под его пера вылилась целая библиотека произведений: «Повести покойного Ивана Петровича Белкина» («Повести Белкина»), «Опыт драматических изучений» («Маленькие трагедии»), последние главы «Евгения Онегина», «Домик в Коломне», «История села Горюхина», «Сказка о попе и о работнике его Балде», несколько набросков критических статей и около тридцати стихотворений.

Среди болдинских произведений, словно нарочито непохожих одно на другое по жанру и тональности, особенно контрастируют друг с другом два цикла: прозаический и драматический. Это два полюса творчества Пушкина, к которым тяготеют остальные произведения, написанные в три осенних месяца 1830 года.

Стихотворные произведения этого периода представляют всё разнообразие жанров и охватывают широкий круг тем. Одно из них — «Румяный критик мой…» перекликается с «Историей села Горюхина» и настолько далеко от идеализации деревенской действительности, что было впервые опубликовано лишь в посмертном собрании сочинений под изменённым названием («Каприз»)[75].

«Повести Белкина» стали первым из дошедших до нас завершённым произведением пушкинской прозы, опыты к созданию которой он предпринимал неоднократно. В 1821 году Пушкин сформулировал основной закон своего прозаического повествования: «Точность и краткость — вот первые достоинства прозы. Она требует мыслей и мыслей — без них блестящие выражения ни к чему не служат». Эти повести — также своеобразные мемуары обыкновенного человека, который, не находя ничего значительного в своей жизни, наполняет свои записки пересказом услышанных историй, поразивших его воображение своей необычностью. «Повести…» знаменовали собой завершение начавшегося в 1827 году с «Арапа Петра Великого» становления Пушкина как прозаика. Цикл определил как дальнейшее направление творчества Пушкина — последние шесть лет его жизни он обращался преимущественно к прозе,— так и всего, до сих пор не развитого русского художественного прозаического слова[76][77].

Москва (1830—1831) и Петербург (1831—1833)

В это же время Пушкин принимал активное участие в издании «Литературной газеты» (газета выходила с 1 января 1830 г. по 30 июня 1831 г.) своего друга издателя А. А. Дельвига. Дельвиг, подготовив первые два номера, временно выехал из Петербурга и поручил газету Пушкину, который и стал фактическим редактором первых тринадцати номеров[78]. После публикации «Литературной газетой» четверостишия Казимира Делавиня о жертвах Июльской революции возник конфликт с редактором полуофициозной газеты «Северная пчела» Ф. В. Булгариным, агентом Третьего отделения, что привело к закрытию издания.

5 декабря 1830 года Пушкин возвратился из Болдина в Москву[79]. 18 февраля (2 марта) 1831 Александр Пушкин венчался с Натальей Гончаровой в московской церкви Большого Вознесения у Никитских ворот. Два брачных венца, которыми, по преданию, венчались А. С. Пушкин с Н. Н. Гончаровой, хранятся в настоящий момент в Оружейной палате (зал 2, витрина 19)[80]. При обмене обручальными кольцами Пушкин упустил своё кольцо на пол, потом у него погасла свеча. Потрясённый, он побледнел и сказал: «Всё — плохие предзнаменования!»[81].

Сразу после свадьбы семья Пушкиных ненадолго поселилась в Москве, на Арбате, в доме 53 (по современной нумерации; сейчас — музей). Там супруги прожили до середины мая 1831 года и, не дождавшись срока окончания аренды, уехали в столицу, так как Пушкин рассорился с тёщей, вмешивавшейся в его семейную жизнь[82]:62.

На лето Пушкин снял дачу в Царском Селе. Здесь он пишет «Письмо Онегина», тем самым окончательно завершая работу над романом в стихах, который был его «спутником верным» на протяжении восьми лет жизни.

Новое восприятие действительности, наметившееся в его творчестве в конце 1820-х годов, требовало углублённых занятий историей: в ней следовало найти истоки коренных вопросов современности. Пушкин активно пополнял свою личную библиотеку отечественными и иностранными изданиями, связанными с историей петровского времени. А. И. Тургенев отмечал в нём «сокровища таланта, наблюдений и начитанности о России, особенно о Петре и Екатерине, редкие, единственные… Никто так хорошо не судил русскую новейшую историю: он созревал для неё и знал и отыскал в известность, многое, что другие не заметили»[83].

Холерные бунты, ужасные по своей жестокости, и польские события, поставившие Россию на грань войны с Европой, представляются поэту угрозой российской государственности. Сильная власть в этих условиях кажется ему залогом спасения России — этой идеей вдохновлены его стихотворения «Перед гробницею святой…», «Клеветникам России», «Бородинская годовщина». Последние два, написанные по случаю взятия Варшавы, вместе со стихотворением В. А. Жуковского «Старая песня на новый лад» были напечатаны специальной брошюрой «На взятие Варшавы» и вызвали неоднозначную реакцию. Пушкин, никогда не бывший врагом какого-либо народа, друживший с Мицкевичем, тем не менее не мог смириться с претензиями восставших на присоединение к Польше литовских, украинских и белорусских земель[84]:236. По-разному отнеслись к отклику Пушкина на польские события его друзья: отрицательно Вяземский и А. И. Тургенев. 22 сентября 1831 года в своём дневнике Вяземский писал:

Пушкин в стихах своих: Клеветникам России кажет им шиш из кармана. Он знает, что они не прочтут стихов его[~ 7], следовательно, и отвечать не будут на вопросы, на которые отвечать было бы очень легко даже самому Пушкину. <…> И что опять за святотатство сочетать Бородино с Варшавою? Россия вопиёт против этого беззакония[85].

Некоторые ссыльные декабристы с восторгом отнеслись к стихотворению[84]:232, 236. Вместе с тем Ф. В. Булгарин, связанный с III отделением, обвинял поэта в приверженности либеральным идеям.

В июле 1831 года Пушкин направил письмо начальнику III отделения Собственной Его Императорского Величества канцелярии генерал-адъютанту А. Х. Бенкендорфу:

«Заботливость истинноотеческая государя императора глубоко меня трогает. Осыпанному уже благодеяниями его величества, мне давно тягостно моё бездействие. Я всегда готов служить ему по мере своих способностей. <…> Осмеливаюсь также просить дозволения заняться историческими изысканиями в наших государственных архивах и библиотеках. <…> Могу со временем исполнить моё давнишнее желание написать историю Петра Великого и его наследников до государя Петра III»[86].

23 июля того же года А. Х. Бенкендорф сообщил вице-канцлеру К. В. Нессельроде о высочайшем повелении определить Пушкина в Государственную коллегию иностранных дел с дозволением отыскивать в архивах материалы для сочинения истории Петра I[87]. 14 ноября 1831 года Пушкин был зачислен на службу прежним чином, а 6 декабря произведён в титулярные советники[88].

С начала 1830-х годов проза в творчестве Пушкина начинает превалировать над поэтическими жанрами. «Повести Белкина» (изданы в 1831 году) успеха не имели. Пушкин замышляет широкое эпическое полотно — роман из эпохи пугачёвщины с героем-дворянином, перешедшим на сторону бунтовщиков. Замысел этот Пушкин на время оставил из-за недостаточных знаний о той эпохе, и стал работать над романом «Дубровский» (1832—1833), герой которого, мстя за отца, у которого несправедливо отняли родовое имение, становится разбойником. Благородный разбойник Дубровский изображён в романтическом ключе, остальные действующие лица показаны с величайшим реализмом[89]. Хотя сюжетная основа произведения почерпнута Пушкиным из современной жизни, в ходе работы роман всё больше приобретал черты традиционного авантюрного повествования с нетипичной в общем-то для русской действительности коллизией. Возможно, предвидя к тому же непреодолимые цензурные затруднения с публикацией романа, Пушкин оставил работу над ним, хотя роман был и близок к завершению. Замысел произведения о пугачёвском бунте вновь привлекает Пушкина; верный исторической точности, он прерывает на время занятия по изучению Петровской эпохи, штудирует печатные источники о Пугачёве, добивается ознакомления с документами о подавлении крестьянского восстания (само «Дело Пугачёва», строго засекреченное, оказывается недоступным), а в 1833 году посещает Волгу и Урал, чтобы воочию увидеть места грозных событий, услышать живые предания о пугачёвщине. Пушкин едет через Нижний Новгород, Чебоксары, Казань и Симбирск на Оренбург, а оттуда — на Уральск, вдоль древней реки Яик, переименованной после крестьянского восстания в Урал.

7 января 1833 года Пушкин был избран членом Российской академии одновременно с П. А. Катениным, М. Н. Загоскиным, Д. И. Языковым и А. И. Маловым.

Осенью 1833 года он возвращается в Болдино. Теперь Болдинская осень Пушкина вдвое короче, нежели три года назад, но по значению она соразмерна Болдинской осени 1830 года. За полтора месяца Пушкин завершает работу над «Историей Пугачёва» и «Песнями западных славян», начинает работу над повестью «Пиковая дама», создаёт поэмы «Анджело» и «Медный всадник», «Сказку о рыбаке и рыбке» и «Сказку о мёртвой царевне и о семи богатырях», стихотворение в октавах «Осень».

Петербург (1833—1835)

В ноябре 1833 года Пушкин возвращается в Петербург, ощущая необходимость круто переменить жизнь и прежде всего выйти из-под опеки двора.


31 декабря 1833 года Николай I присваивает своему историографу младшее придворное звание камер-юнкера[90][91]. По словам друзей Пушкина, он был в ярости: это звание давалось обыкновенно молодым людям. В дневнике 1 января 1834 года Пушкин сделал запись:

Третьего дня я пожалован в камер-юнкеры (что довольно неприлично моим летам). Но Двору хотелось, чтобы N. N. [Наталья Николаевна] танцевала в Аничкове[92].

Тогда же была запрещена публикация «Медного всадника». В начале 1834 года Пушкин дописал другую, прозаическую петербургскую повесть, — «Пиковая дама» и поместил её в журнале «Библиотека для чтения», который платил Пушкину незамедлительно и по высшим ставкам. Она была начата в Болдине и предназначалась тогда, по-видимому, для совместного с В. Ф. Одоевским и Н. В. Гоголем альманаха «Тройчатка».

25 июня 1834 года титулярный советник Пушкин подаёт в отставку с просьбой сохранить право работы в архивах, необходимое для исполнения «Истории Петра». Мотивом были указаны семейные дела и невозможность постоянного присутствия в столице. Прошение было принято с отказом пользоваться архивами, поскольку Пушкин формально был чиновником при Архиве Министерства иностранных дел[91]. Таким образом, Пушкин лишался возможности продолжать работу. Следуя совету Жуковского, Пушкин отозвал прошение[93]. Позднее Пушкин просил отпуск на 3—4 года: летом 1835 года он писал тёще, что собирается со всей семьёй ехать в деревню на несколько лет. Однако в отпуске ему было отказано, взамен Николай I предложил полугодовой отпуск и 10 000 рублей, как было сказано, «на вспоможение». Пушкин их не принял и попросил 30 000 рублей с условием удержания из своего жалования, отпуск ему был предоставлен на четыре месяца. Так на несколько лет вперёд Пушкин был связан службой в Петербурге[94]. Эта сумма не покрывала и половины долгов Пушкина, с прекращением выплаты жалования приходилось надеяться только на литературные доходы, зависевшие от читательского спроса. В конце 1834 — начале 1835 года вышло несколько итоговых изданий произведений Пушкина: полный текст «Евгения Онегина» (в 1825—1832 годах роман печатался отдельными главами), собрания стихотворений, повестей, поэм, однако все они расходились с трудом. Критика уже в полный голос говорила об измельчании таланта Пушкина, о конце его эпохи в русской литературе. Две осени — 1834 года (в Болдине) и 1835 года (в Михайловском) — были менее плодотворны. В третий раз поэт приезжал в Болдино осенью 1834 года по запутанным делам имения и прожил там месяц, написав лишь «Сказку о золотом петушке». В Михайловском Пушкин продолжал работать над «Сценами из рыцарских времён», «Египетскими ночами», создал стихотворение «Вновь я посетил».

Широкой публике, сокрушающейся о падении пушкинского таланта, было неведомо, что лучшие его произведения не были пропущены в печать, что в те годы шёл постоянный, напряжённый труд над обширными замыслами: «Историей Петра», романом о пугачёвщине. В творчестве поэта назрели коренные изменения. Пушкин-лирик в эти годы становится преимущественно «поэтом для себя». Он настойчиво экспериментирует теперь с прозаическими жанрами, которые не удовлетворяют его вполне, остаются в замыслах, набросках, черновиках; он ищет новые формы литературы.


«Современник»
По словам С. А. Соболевского:

Мысль о большом повременном издании, которое касалось бы по возможности всех главнейших сторон русской жизни, желание непосредственно служить отечеству пером своим, занимали Пушкина почти непрерывно в последние десять лет его кратковременного поприща… Обстоятельства мешали ему, и только в 1836 г. он успел выхлопотать себе право на издание «Современника», но уже в размерах весьма ограниченных и тесных[95].

Со времени закрытия «Литературной газеты» Пушкин добивался права на собственное периодическое издание. Не были осуществлены замыслы газеты («Дневник»), различных альманахов и сборников, «Северного зрителя», редактировать который должен был В. Ф. Одоевский. Вместе с ним же Пушкин в 1835 году намеревался выпускать «Современный летописец политики, наук и литературы». В 1836 году Пушкин получил разрешение на год на издание альманаха. Пушкин рассчитывал также на доход, который помог бы ему расплатиться с самыми неотложными долгами. Основанный в 1836 году журнал получил название «Современник». В нём печатались произведения самого Пушкина, а также Н. В. Гоголя, А. И. Тургенева, В. А. Жуковского, П. А. Вяземского.

Тем не менее читательского успеха журнал не имел: к новому типу серьёзного периодического издания, посвящённого актуальным проблемам, трактуемым по необходимости намёками, русской публике предстояло ещё привыкнуть. У журнала оказалось всего 600 подписчиков, что делало его разорительным для издателя, так как не покрывались ни типографские расходы, ни гонорары сотрудников. Два последних тома «Современника» Пушкин более чем наполовину наполняет своими произведениями, по большей части анонимными. В четвёртом томе «Современника» был, наконец, напечатан роман «Капитанская дочка». Пушкин мог бы выпустить его отдельной книгой, тогда роман мог принести доход, так необходимый ему. Однако он всё-таки принял решение опубликовать «Капитанскую дочку» в журнале и не мог уже рассчитывать на одновременный выход отдельной книгой — в те времена это было невозможно. Вероятно, роман был помещён в «Современник» под влиянием Краевского и издателя журнала, опасавшихся его краха. «Капитанская дочка» была благосклонно принята читателями, но отзывов восторженных критиков о своём последнем романе в печати Пушкин не успел увидеть. Несмотря на финансовую неудачу, Пушкин до последнего дня был занят издательскими делами, «рассчитывая, наперекор судьбе, найти и воспитать своего читателя»[96].

1836—1837 годы
Весной 1836 года после тяжёлой болезни умерла Надежда Осиповна. Пушкин, сблизившийся с матерью в последние дни её жизни, тяжело переносил эту утрату. Обстоятельства сложились так, что он единственный из всей семьи сопровождал тело матери к месту погребения в Святые горы. Это был его последний визит в Михайловское. В начале мая по издательским делам и для работы в архивах Пушкин приехал в Москву. Он надеялся на сотрудничество в «Современнике» авторов «Московского наблюдателя». Однако Баратынский, Погодин, Хомяков, Шевырёв не торопились с ответом, прямо не отказывая. К тому же Пушкин рассчитывал, что для журнала будет писать Белинский, находившийся в конфликте с Погодиным. Посетив архивы Министерства иностранных дел, он убедился, что работа с документами петровской эпохи займёт несколько месяцев. По настоянию жены, ожидавшей со дня на день родов, Пушкин в конце мая возвращается в Петербург.

По воспоминаниям французского издателя и дипломата Лёве-Веймара, побывавшего летом 1836 года в гостях у Пушкина, тот был увлечён «Историей Петра», делился с гостем результатами своих архивных поисков и опасениями, как воспримут читатели книгу, где царь будет показан «таким, каким он был в первые годы своего царствования, когда он с яростью приносил всё в жертву своей цели». Узнав, что Лёве-Веймар интересуется русскими народными песнями, Пушкин сделал для него переводы одиннадцати песен на французский. По мнению специалистов, изучавших эту работу Пушкина, она была выполнена безукоризненно[97].

Летом 1836 года Пушкин создаёт свой последний поэтический цикл, названный по месту написания (дача на Каменном острове) «каменноостровским». Точный состав цикла стихотворений неизвестен. Возможно, они предназначались для публикации в «Современнике», но Пушкин отказался от неё, предвидя проблемы с цензурой. Три произведения, несомненно принадлежащие циклу, связаны евангельской темой. Сквозной сюжет стихотворений «Отцы пустынники и жены непорочны»[98], «Как с древа сорвался предатель ученик» и «Мирской власти» — Страстная неделя Великого поста[99]. Ещё одно стихотворение цикла — «Из Пиндемонти» лишено христианской символики, однако продолжает размышления поэта об обязанностях живущего в мире с собой и окружающими человека, о предательстве, о праве на физическую и духовную свободу. По мнению В. П. Старка:

«В этом стихотворении сформулировано идеальное поэтическое и человеческое кредо Пушкина, выстраданное всей жизнью»[100].

В цикл, вероятно, входили также «Когда за городом задумчив я брожу», четверостишие «Напрасно я бегу к Сионским воротам» и, наконец, (некоторыми исследователями оспаривается это предположение) «Памятник» («Я памятник воздвиг себе нерукотворный…») — в качестве зачина или, по другим версиям, финала, — поэтическое завещание Пушкина.

Гибель


С. М. Лукьянов
«О последних днях жизни и о смерти А. С. Пушкина, с медицинской точки зрения» (1899)
Бесконечные переговоры с зятем о разделе имения после смерти матери, заботы по издательским делам, долги, и, главное, ставшее нарочито явным ухаживание кавалергарда Дантеса за его женой, повлёкшее за собой пересуды в светском обществе, были причиной угнетённого состояния Пушкина осенью 1836 года. 3 ноября его друзьям[~ 8] был разослан анонимный пасквиль с оскорбительными намёками в адрес Натальи Николаевны. Пушкин, узнавший о письмах на следующий день, был уверен, что они — дело рук Дантеса и его приёмного отца Геккерна. Вечером 4 ноября он послал вызов на дуэль Дантесу. Геккерн (после двух встреч с Пушкиным) добился отсрочки дуэли на две недели. Усилиями друзей поэта и, прежде всего, Жуковского и тётки Натальи Николаевны фрейлины Екатерины Загряжской, дуэль удалось предотвратить. 17 ноября Дантес сделал предложение сестре Натальи Николаевны, Екатерине Гончаровой. В тот же день Пушкин послал своему секунданту Владимиру Соллогубу письмо с отказом от дуэли[102].

Брак не разрешил конфликта. Дантес, встречаясь с Натальей Николаевной в свете, преследовал её. Распускались слухи о том, что Дантес женился на сестре Пушкиной, чтобы спасти репутацию Натальи Николаевны. По свидетельству Константина Данзаса, жена предлагала Пушкину оставить на время Петербург, но тот, «потеряв всякое терпение, решил кончить иначе»[103]. Пушкин послал 26 января (7 февраля) 1837 года Луи Геккерну «в высшей степени оскорбительное письмо»[104]. Единственным ответом на него мог быть только вызов на дуэль, и Пушкин это знал. Формальный вызов на дуэль от Геккерна, одобренный Дантесом, был получен Пушкиным в тот же день через атташе французского посольства виконта д’Аршиака. Так как Геккерн был послом иностранного государства, он не мог драться на дуэли — это означало бы немедленный крах его карьеры.

Дуэль с Дантесом состоялась 27 января на Чёрной Речке. Дантес выстрелил первым и тяжело ранил Пушкина: пуля перебила шейку бедра и проникла в живот. Для того времени ранение было смертельным. Пушкин узнал об этом в тот же день у себя дома от лейб-медика Арендта, который, уступая его настояниям, не скрывал истинного положения дел. Уже раненным Пушкин стрелял в Дантеса, легко ранив того.

Перед смертью Пушкин, приводя в порядок свои дела, обменивался записками с Николаем I. Записки передавали два человека:

Василий Жуковский — поэт, на тот момент штатный наставник наследника престола, будущего императора Александра II[105].
Николай Арендт — лейб-медик Николая I.

Поэт просил прощения за нарушение царского запрета на дуэли:

…жду царского слова, чтобы умереть спокойно…

Николай I:

Если Бог не велит нам уже свидеться на здешнем свете, посылаю тебе моё прощение и мой последний совет умереть христианином. О жене и детях не беспокойся, я беру их на свои руки.

— Считается, что эту записку передал Жуковский
Николай видел в Пушкине опасного «вождя вольнодумцев» (в этой связи были предприняты меры, чтобы отпевание и похороны прошли как можно более скромно) и впоследствии уверял, что «мы насилу довели его до смерти христианской»[106], что не соответствовало действительности: ещё до получения царской записки поэт, узнав от врачей, что его рана смертельна, послал за священником, чтобы причаститься. 29 января (10 февраля), в пятницу, в 14:45 Пушкин скончался от перитонита[107]. Николай I выполнил обещания, данные поэту.

Распоряжение Государя:

1. Заплатить долги.
2. Заложенное имение отца очистить от долга.
3. Вдове пенсион и дочери по замужество.
4. Сыновей в пажи и по 1500 рублей на воспитание каждого по вступление на службу.
5. Сочинения издать на казённый счёт в пользу вдовы и детей.
6. Единовременно 10 000 рублей.

По желанию жены Пушкина положили в гроб не в камер-юнкерском мундире, а во фраке[108]. Отпевание, назначенное в церкви Адмиралтейства, которую тогда называли Исаакиевским собором, по имени одного из приделов[109][110], было перенесено в Конюшенную церковь. Церемония происходила при большом стечении народа, в церковь пускали по пригласительным билетам.

Тут же, по обыкновению, были и нелепейшие распоряжения. Народ обманули: сказали, что Пушкина будут отпевать в Исаакиевском соборе, — так было означено и на билетах, а между тем тело было из квартиры вынесено ночью, тайком, и поставлено в Конюшенной церкви. В университете получено строгое предписание, чтобы профессора не отлучались от своих кафедр и студенты присутствовали бы на лекциях. Я не удержался и выразил попечителю своё прискорбие по этому поводу. Русские не могут оплакивать своего согражданина, сделавшего им честь своим существованием!

— Из «Дневника» А. В. Никитенко[111]

Могила Пушкина
После гроб спустили в подвал, где он находился до 3 февраля, до отправления во Псков. Сопровождал тело Пушкина А. И. Тургенев. В письме к губернатору Пскова А. Н. Пещурову статс-секретарь III Отделения А. Н. Мордвинов по поручению Бенкендорфа и императора указывал на необходимость запретить «всякое особенное изъявление, всякую встречу, одним словом всякую церемонию, кроме того, что обыкновенно по нашему церковному обряду исполняется при погребении тела дворянина»[112][113]. Александр Пушкин был похоронен на территории Святогорского монастыря Псковской губернии[114]. В августе 1841 года по распоряжению Н. Н. Пушкиной на могиле установлено надгробие работы скульптора Александра Пермагорова (1786—1854)[115].

Потомки Пушкина
Основная статья: Потомки Пушкина
Из четырёх детей Пушкина только двое оставили потомство — Александр и Наталья. Потомки поэта живут сейчас по всему земному шару: в США, Англии, Германии, Бельгии. Около пятидесяти из них проживают в России, в том числе проживала Татьяна Ивановна Лукаш, прабабушка которой (внучка Пушкина) была замужем за внучатым племянником Гоголя. Татьяна жила в Клину[116] до своей смерти в 2020 году.

Александр Александрович Пушкин — последний прямой потомок поэта по мужской линии, проживает в Бельгии[117].

Внешность

Автопортрет
О внешности Пушкина у современников сложились различные мнения. Знавшие поэта отмечали его небольшой рост, по словам родного брата: «Пушкин был собою дурён, но лицо его было выразительно и одушевлённо; ростом он был мал»[118]. Его рост был записан художником Григорием Чернецовым 15 апреля 1832 года на эскизе картины «Парад на Марсовом поле» и составлял 2 аршина и 5 с половиной вершков, то есть 166,7 см[119][120]. Другие данные указывают на рост в 2 аршина и 4 вершка (около 160 см)[~ 9][121][122]. Вяземский отмечал, что, бывая в свете, Пушкин не любил стоять около жены (рост Натальи Николаевны был 173 см)[123] и «шутя говаривал, что ему подле неё быть унизительно: так мал был он в сравнении нею ростом»[124]. М. П. Погодин вспоминал о первой встрече с Пушкиным: «Ожидаемый нами величавый жрец высокого искусства — это был среднего роста, почти низенький человечек…»[125]. В большей степени отзывы о внешности Пушкина зависят от отношения к нему. В общепринятом понимании Пушкина никто не называл красивым, однако многие отмечали, что черты его лица делались прекрасными, когда становились отражением его одухотворённости. М. В. Юзефович особенно обращал внимание на глаза Пушкина, «в которых, казалось, отражалось всё прекрасное в природе»[126]. Л. П. Никольская, встретившая в 1833 году Пушкина на обеде у нижегородского губернатора, так описывает его:

«Немного смуглое лицо его было оригинально, но некрасиво: большой открытый лоб, длинный нос, толстые губы — вообще неправильные черты. Но что у него было великолепно — это тёмно-серые с синеватым отливом глаза — большие, ясные. Нельзя передать выражение этих глаз: какое-то жгучее, и при том ласкающее, приятное. Я никогда не видела лица более выразительного: умное, доброе, энергичное. <…> Он хорошо говорит: ах, сколько было ума и жизни в его неискусственной речи! А какой он весёлый, любезный, прелесть! Этот дурняшка мог нравиться…»[127]

Творчество Пушкина

Литературная репутация и культурная роль Пушкина
Александр Сергеевич Пушкин имеет репутацию великого или величайшего русского поэта, в частности, так его именуют «Энциклопедический словарь Брокгауза и Ефрона»[129], «Русский биографический словарь»[130], «Литературная энциклопедия»[131], энциклопедия «Кругосвет»[6], «Британская энциклопедия» («greatest poet»)[132]. В филологии Пушкин рассматривается как создатель современного русского литературного языка (см. например, работы В. В. Виноградова), а «Краткая литературная энциклопедия» (автор статьи С. С. Аверинцев) говорит об эталонности его сочинений, подобно произведениям Данте в Италии или Гёте в Германии. Д. С. Лихачёв писал о Пушкине как о «нашем величайшем национальном достоянии»[133].

Ещё при жизни поэта стали именовать гением, в том числе печатно[7]. Со второй половины 1820-х годов он стал считаться «первым русским поэтом» (не только среди современников, но и русских поэтов всех времён), а вокруг его личности среди читателей сложился настоящий культ[134]. С другой стороны, в 1830-е годы (после его поэмы «Полтава») было и некоторое охлаждение части читающей публики к Пушкину[67].

Владимир Одоевский в некрологе на смерть Пушкина дал ему образное определение: «Солнце нашей поэзии», которое стало крылатым выражением в форме: «Солнце русской поэзии»[135]. В статье «Несколько слов о Пушкине» (1830-е) Н. В. Гоголь писал, что «Пушкин есть явление чрезвычайное и, может быть, единственное явление русского духа: это русский человек в его развитии, в каком он, может быть, явится чрез двести лет»[133]. Критик и философ-западник В. Г. Белинский назвал Пушкина «первым поэтом-художником России»[136]. Ф. М. Достоевский отмечал, что «в „Онегине“, в этой бессмертной и недосягаемой поэме своей, Пушкин явился великим народным писателем, как до него никогда и никто» и говорил о «всемирности и всечеловечности его гения»[133]. Самую ёмкую характеристику предложил Аполлон Григорьев (1859): «А Пушкин — наше всё»[137].

Изучение Пушкина
Основные статьи: Пушкинистика, Личная библиотека А. С. Пушкина и Словарь языка Пушкина
Осмысление Пушкина в русской культуре делится на два направления — художественно-философское, эссеистическое, основателями которого были Николай Гоголь и Аполлон Григорьев (в этом ряду — многие русские писатели, включая Фёдора Достоевского, Марину Цветаеву и Александра Солженицына, и философы), и научное историко-биографическое, заложенное Павлом Анненковым и Петром Бартеневым. Расцвет научной пушкинистики в России начала XX века связан с созданием Пушкинского дома в 1905 году, Пушкинского семинария в 1908 году, появлением серийных публикаций о Пушкине. В советское время в условиях ограничений изучения идеологии Пушкина большое развитие получила пушкинская текстология и исследования его стиля. Ряд важных достижений связан с пушкинистикой за рубежом (Польша, Франция, США и др.), в том числе в русской эмиграции.

Обобщённое описание особенностей пушкинских ямбов
Б. В. Томашевским было проведено статистическое исследование достаточно большого числа пушкинских текстов. В результате было установлено, что между числом стоп (чётных слогов) в ямбе и средним количеством пиррихиев в одной стихотворной строке существует вполне определённое соответствие. Это значит, что количество пиррихиев прямо пропорционально числу чётных слогов в строке минус слог рифмующий, так как он не участвует в распределении пиррихиев[138].

Отрицание значения творчества Пушкина
Публицист-«шестидесятник» и литературный критик Дмитрий Писарев отрицал значение творчества Пушкина для современности: «Пушкин пользуется своею художественною виртуозностью, как средством посвятить всю читающую Россию в печальные тайны своей внутренней пустоты, своей духовной нищеты и своего умственного бессилия»[139]. На той же позиции стояли и многие нигилисты 1860-х годов, такие как Максим Антонович и Варфоломей Зайцев.

Неоднозначно относился к Пушкину Лев Толстой, колеблясь от полного восхищения и следования до полного пренебрежения[140]. Согласно дневнику А. В. Жиркевича, Толстой при встрече с ним в декабре 1890 года говорил:

Пушкин был, как киргиз… Пушкиным все до сих пор восхищаются. А вдумайтесь только в отрывок из его «Евгения Онегина», помещённый во всех хрестоматиях для детей: «Зима. Крестьянин, торжествуя…». Что ни строфа, то бессмыслица! …Это писал великий Пушкин, несомненно, умный человек, писал потому, что был молод и, как киргиз, пел вместо того, чтобы говорить[141]:424.

В. Маяковский, Д. Бурлюк, В. Хлебников, А. Кручёных, Б. Лившиц призывали «Бросить Пушкина, Достоевского, Толстого и проч. и проч. с Парохода Современности» в манифесте футуристов 1912 года «Пощёчина общественному вкусу»[142]. Далее в манифесте говорилось: «Кто не забудет своей первой любви, не узнает последней» (парафраз слов Тютчева на смерть Пушкина: «Тебя, как первую любовь, России сердце не забудет»). В то же время самую высокую оценку творчеству Пушкина давали Иннокентий Анненский, Анна Ахматова, Марина Цветаева, Александр Блок.


Первое посмертное издание сочинений Пушкина (1838) в восьми томах, выпущенное в пользу наследников, включало лишь те произведения, которые были опубликованы при его жизни. Издание печаталось «под особым наблюдением министра Народного Просвещения», в ведомстве которого находилась цензура[143]. По отклику С. А. Соболевского, оно вышло «скверно по милости Атрешкова»[~ 10][144]. Были допущены многочисленные опечатки, поправки, пропуски, искажения текстов Пушкина; издание не было полным даже в заявленном объёме. В 1841 году вышли три дополнительных тома (9—11). К началу 1846 года это собрание сочинений практически всё было распродано.

Новое собрание сочинений задумывалось всего лишь как повторение издания 1838—1841 годов. Однако эти планы не осуществились. Зимой 1849—1850 года вдова поэта, к тому времени вышедшая замуж за Ланского, обратилась за советом по поводу нового издания к Павлу Анненкову. Анненков, получивший в своё распоряжение все рукописи Пушкина, хранившиеся у Ланской, поначалу не решался взяться за столь серьёзное дело. Уговорили его братья Иван[~ 11] и Фёдор, ознакомившиеся с бумагами. 21 мая 1851 года Ланская по договору передала И. В. Анненкову права на издание. Братья П. Анненкова настояли на том, чтобы он взял дело в свои руки. П. Анненков также пришёл к решению написать биографию поэта[145][146]. Н. Добролюбов так откликнулся на появление собрания сочинений Пушкина 1855—1857 годов: «Русские <…> давно уже пламенно желали нового издания его сочинений, достойного его памяти, и встретили предприятие Анненкова с восхищением и благодарностью»[147]. Несмотря на все цензурные препятствия, Анненков осуществил первое критически подготовленное собрание сочинений Пушкина[146]. Издание Анненкова с дополнениями и изменениями было дважды повторено Г. Н. Геннади (1859—1860, 1869—1871)[148].

После 1887 года, когда истёк срок действия прав на произведения Пушкина для его наследников, появились разнообразные доступные издания, не имевшие, однако, важного научного значения[148]. Наиболее полным из вышедших в начале XX века стало собрание сочинений Пушкина (1903—1906) под редакцией П. О. Морозова[148].

Выпуск Полного академического собрания сочинений Пушкина в шестнадцати томах был приурочен к столетней годовщине (1937) со дня смерти поэта, однако, по объективным причинам, работа над ним растянулась на многие годы. Это издание соединило труд всех виднейших учёных-пушкинистов того времени. Собрание сочинений в шестнадцати томах по настоящее время остаётся самым полным сводом произведений Пушкина, в научной литературе при цитировании пушкинских текстов принято ссылаться именно на него. В плане текстологических исследований собрание стало ориентиром для других академических изданий русских писателей[149]. Тем не менее в это «Полное» издание не вошли тома с рисунками Пушкина и текстами, составившими сборник «Рукою Пушкина». Подробные комментарии к пушкинским текстам, задерживавшие, по мнению властей, всё издание, были опущены, что стало одним из самых главных недостатков шестнадцатитомника[150][151].

Издания писем
В 1926 и 1928 годах вышли два тома издания писем Пушкина (1815—1830), осуществлённого Б. Л. Модзалевским. Третий том (1935, письма 1831—1833 годов) уже после смерти Модзалевского подготовил к печати его сын. Несомненная ценность трёхтомника писем заключается в сохранении пушкинской орфографии и пунктуации. Обширный комментарий к письмам представляет собой полноценную энциклопедию жизни и творчества Пушкина и пушкинской эпохи вообще. К недостаткам этого издания относится исключение из текстов писем ненормативной лексики. Издание 1969 года «А. С. Пушкин. Письма последних лет» (общая редакция Н. В. Измайлова) авторскую орфографию и пунктуацию не воспроизводит. До настоящего времени единственным изданием писем Пушкина, не содержащим купюр, является «Переписка» в трёх томах под редакцией В. И. Саитова (Императорская Академия Наук, 1906—1911). «Переписка» вышла небольшим количеством экземпляров и распространялась исключительно среди членов Академии[152]. В 2013 году издательство «Слово» осуществило репринтное издание «Переписки»[153].

Роль А. С. Пушкина в создании современного русского языка
В 1820—1830-х годах произошло формирование современного литературного русского языка. Его создателем признаётся Пушкин, а его произведения считаются энциклопедией образцов применения русского языка. Однако процесс выработки адекватной оценки роли Пушкина как создателя современного языка шёл довольно долго. Он потребовал накопления значительного объёма знаний о фактах и явлениях русского языка времени до Пушкина, эпохи Пушкина и после него, подробного анализа этих фактов, и соответствующего развития лингвистики русского языка, на что ушло около 120 лет[154]. Ни в конце XIX века, ни в первое десятилетие XX века об этом речи не было. Даже в начале 40-х годов XX века не все разделяли взгляд на Пушкина как на основоположника современного русского литературного языка. Окончательным признанием такой роли Пушкина можно считать издание статьи известного исследователя русского языка В. В. Виноградова, которая так и называлась «А. С. Пушкин — основоположник русского литературного языка» (Известия академии наук СССР. Отделение литературы и языка, 1949, том VIII, вып. 3)[155].

Вместе с этим новации А. С. Пушкина в области русского языка вошли в практику по историческим меркам очень быстро. Так, новшества в области морфологии и синтаксиса были зафиксированы А. Х. Востоковым в его «Русской грамматике», вышедшей уже в 1831 году и пережившей впоследствии 28 изданий, и сразу стали общеобязательной нормой[156].

Несмотря на существенные изменения, произошедшие в языке за почти двести лет, прошедшие со времени создания его крупнейших произведений, и явные стилистические различия языка Пушкина и современных писателей, система современного русского языка, его грамматический, фонетический и лексико-фразеологический строй в своём основном ядре остались и продолжают оставаться и развиваться в пределах тех норм, что сформировал Пушкин[154].

Политические взгляды Пушкина
Александра Пушкина всегда интересовали политические вопросы. В молодости его взгляды были достаточно радикальными[уточнить], но после поражения восстания Ипсиланти в 1821 году, революций в Пьемонте и Неаполе в 1821 году, революции в Испании в 1823 году он разочаровался в революционных идеалах[157].

Находясь в ссылке в Михайловском, после подавления восстания декабристов Пушкин решил вступить с правительством в «лояльные, договорные отношения», чтобы вырваться из Михайловского, покончить с прошлым. По словам Георгия Федотова, написав стихотворение «Стансы», Пушкин заключил поэтический договор с Николаем I, предложив ему идеал Петра I[157].

Как отмечает Георгий Федотов, Пушкин всегда был «певцом империи». Он прославлял завоевание русскими Кавказа, во время польского восстания 1830—1831 годов написал проникнутые имперским пафосом стихотворения «Клеветникам России» и «Бородинская годовщина». По словам Федотова, «начало правды слишком часто в стихах поэта, как и в жизни государства — отступает перед обаянием торжествующей силы»[157].

Георгий Федотов писал[157]:

Консервативная, свободоненавистническая Россия окружала Пушкина в его последние годы; она создавала тот политический воздух, которым он дышал, в котором он порой задыхался. Свободолюбивая, но безгосударственная Россия рождается в те же тридцатые годы с кружком Герцена, с письмами Чаадаева. С весьма малой погрешностью можно утверждать: русская интеллигенция рождается в год смерти Пушкина. Вольнодумец, бунтарь, декабрист, — Пушкин ни в одно мгновение своей жизни не может быть поставлен в связь с этой замечательной исторической формацией — русской интеллигенцией. Всеми своими корнями он уходит в XVIII век, который им заканчивается.

Семён Франк называет «изумительным по исторической и духовной мудрости» письмо Александра Пушкина Петру Чаадаеву от октября 1836 года и особенно выделяет ту его часть, где Пушкин пишет о крайнем своём нежелании менять отечество и иметь другую русскую историю. Франк пишет[158]:

Общим фундаментом политического мировоззрения Пушкина было национально-патриотическое умонастроение, оформленное как государственное сознание.

Естественнонаучные взгляды Пушкина
Академик М. Алексеев в труде «Пушкин и наука его времени»[159] говорил о необходимости изучать вопрос об отношении Пушкина к естественным наукам[160]. Пушкин, по мнению Алексеева, верил в науку и был далёк от односторонних положительных или отрицательных её оценок[161]. Пушкин следил за развитием науки, о чём свидетельствуют, например, его слова в предисловии к изданию восьмой и девятой глав «Евгения Онегина»: «…открытия великих представителей старинной астрономии, физики, медицины и философии состарились и каждый день заменяются другими»[162].

Во время учёбы в Царскосельском лицее Пушкин, как и другие лицеисты (Илличевский, Корф, Дельвиг), противопоставлял науку поэзии, но в «Отрывках из писем, мыслей и замечаний» (1827) он уже утверждал, что вдохновение требуется как в поэзии, так и в геометрии[163]. Алексеев находит сходство этого утверждения с произнесённой в 1826 году речью Н. Лобачевского о воображаемой геометрии[164]. Примером разрешения конфликта науки и поэзии Пушкин считал творчество М. Ломоносова, который, по словам Пушкина, «обнял все отрасли просвещения»: историю, риторику, химию, минералогию, поэзию[165].

Пушкин интересовался астрономией: в частности, в его библиотеке находилась книга английского астронома Д. Гершеля[166]. К фрагменту о недвижной земле в своих «Подражаниях Корану» (1824) Пушкин добавил примечание: «Плохая физика; но зато какая смелая поэзия!»[167]. Этой же теме посвящена эпиграмма «Движение» («Движенья нет, сказал мудрец брадатый…»; 1825), в которой Пушкин, по предположению Алексеева, полемизирует с идеалистической философией В. Одоевского и изображает историю европейской науки от античности до Возрождения[168].

Пушкин был знаком с изобретателем электромагнитного телеграфа П. Шиллингом, и с этим знакомством может быть связано появление отрывка «О сколько нам открытий чудных…» (1829), в котором проявилась вера в автора в могущество разума и который, по словам академика С. Вавилова, «свидетельствует о проникновенном понимании Пушкиным методов научного творчества»[169]. Упоминание вечного двигателя в «Сценах из рыцарских времён» (1835) может быть связано с сообщениями об изобретении электродвигателя, который в 1834 году создал Б. Якоби[170]. В повести «Пиковая дама» упоминается гальванизм, под которым тогда понимался электрический ток, а также «Монгольфьеров шар и Месмеров магнетизм», которые вспоминаются главному герою, по профессии инженеру, при взгляде на комнату графини[171]. В «Евгении Онегине» (7, XXXIII) говорится о «философических таблицах», то есть о книге французского математика Ш. Дюпена «Производительные и торговые силы Франции» (1827), в которой приводятся статистические таблицы, показывающие данные об экономике различных европейских государств[172].

Хотя Пушкин не дожил до открытия первой железной дороги в России, и эта тема не отразилась в его поэзии, но он собирался печатать в своём журнале статью инженера М. Волкова в защиту строительства железных дорог[173]. Сам Пушкин в письме Одоевскому сделал «смелое техническое предложение» о необходимости создания машины для очистки железных дорог от снега, то есть механического снегоочистителя[174].

Социально-экономические взгляды Пушкина
В Царскосельском лицее либерально настроенный профессор, выпускник Гетингентского университета А. П. Куницын обучал лицеистов политической экономии[175].

В «Евгении Онегине» неоднократно затронуты экономические вопросы. В строфе об Адаме Смите говорится о различиях экономической теории Адама Смита и меркантилистов. На эту строфу есть ссылка в работе К. Маркса «К критике политической экономии». В строфе с описанием кабинета Евгения Онегина упомянуты торговые пути через Балтийское море и основные предметы экспорта (лес и сало) и импорта (предметы роскоши) России пушкинского времени[176]. В другой строфе упоминаются экономисты Сей и Бентам. В описании деятельности Евгения Онегина в деревне говорится о замене барщины на оброк.

В стихотворении «Деревня» осуждается барщина, как самая варварская и экономически неэффективная форма эксплуатации подневольного труда[177]. В 1826 году Пушкин написал записку царю «О народном воспитании», посвящённую улучшению системы образования молодых дворян[178]. В ней упоминаются имена экономистов Сея и Сисмонди. В повести «Пиковая дама» затронута тема развития новых, буржуазных общественных отношений, c их алчностью и жаждой быстрого обогащения[179]. В «Скупом рыцаре» рассматривается тип докапиталистического собирателя сокровищ[180]."
